batsman,total_runs,total_balls,total_innings,overall_sr,total_fours,total_sixes,dot_ball_pct,inn1_runs,inn1_balls,inn1_sr,inn1_fours,inn1_sixes,inn2_runs,inn2_balls,inn2_sr,inn2_fours,inn2_sixes,powerplay_runs,powerplay_balls,powerplay_sr,powerplay_fours,powerplay_sixes,powerplay_boundaries,middle_runs,middle_balls,middle_sr,middle_fours,middle_sixes,middle_boundaries,death_runs,death_balls,death_sr,death_fours,death_sixes,death_boundaries,runs_in_wins,runs_in_losses,runs_in_close_matches,runs_competitive_total,inn1_powerplay_runs,inn1_powerplay_balls,inn1_powerplay_sr,inn1_powerplay_boundaries,inn1_middle_runs,inn1_middle_balls,inn1_middle_sr,inn1_middle_boundaries,inn1_death_runs,inn1_death_balls,inn1_death_sr,inn1_death_boundaries,inn2_powerplay_runs,inn2_powerplay_balls,inn2_powerplay_sr,inn2_powerplay_boundaries,inn2_middle_runs,inn2_middle_balls,inn2_middle_sr,inn2_middle_boundaries,inn2_death_runs,inn2_death_balls,inn2_death_sr,inn2_death_boundaries,runs_vs_quality_bowling,runs_vs_weak_bowling
Shubman Gill,3482,2483,91,140.23358840112766,329,104,26.500201369311316,1784,1211,147.3162675474814,165,55,1698,1272,133.49056603773585,164,49,1650,1239,133.17191283292976,202,38,240,1497,1039,144.0808469682387,105,50,155,335,205,163.41463414634146,22,16,38,2431,1051,2227,2163,801,584,137.15753424657535,114,792,509,155.59921414538312,84,191,118,161.864406779661,22,849,655,129.61832061068702,126,705,530,133.0188679245283,71,144,87,165.51724137931035,16,81,199
V Kohli,3389,2489,90,136.15910004017678,291,101,25.51225391723584,1922,1452,132.36914600550963,147,59,1467,1037,141.46576663452265,144,42,1547,1085,142.5806451612903,183,41,224,1467,1180,124.3220338983051,83,45,128,375,224,167.41071428571428,25,15,40,2155,1234,2447,2174,849,617,137.60129659643437,114,821,686,119.67930029154519,66,252,149,169.1275167785235,26,698,468,149.14529914529913,110,646,494,130.76923076923077,62,123,75,164.0,14,91,194
KL Rahul,3382,2473,77,136.75697533360292,276,127,28.184391427416095,1923,1377,139.65141612200435,167,71,1459,1096,133.1204379562044,109,56,1421,1140,124.64912280701755,146,46,192,1453,1037,140.11571841851494,89,58,147,508,296,171.6216216216216,41,23,64,2001,1381,2484,1877,722,607,118.94563426688633,98,852,584,145.8904109589041,93,349,186,187.63440860215056,47,699,533,131.14446529080675,94,601,453,132.6710816777042,54,159,110,144.54545454545456,17,142,263
F du Plessis,3042,2106,83,144.44444444444443,277,115,27.397910731244064,1667,1194,139.61474036850922,145,62,1375,912,150.76754385964912,132,53,1572,1094,143.6928702010969,182,56,238,1131,829,136.42943305186972,68,41,109,339,183,185.24590163934425,27,18,45,1757,1285,1979,2217,751,579,129.706390328152,112,679,487,139.42505133470226,64,237,128,185.15625,31,821,515,159.41747572815535,126,452,342,132.16374269005848,45,102,55,185.45454545454544,14,77,143
JC Buttler,2864,1903,74,150.49921177088808,268,124,30.373095112979502,1606,1091,147.2043996333639,148,69,1258,812,154.92610837438423,120,55,1127,841,134.00713436385257,128,42,170,1216,807,150.6815365551425,101,48,149,521,255,204.31372549019608,39,34,73,1697,1167,1797,1908,561,446,125.7847533632287,83,719,486,147.9423868312757,85,326,159,205.0314465408805,49,566,395,143.29113924050634,87,497,321,154.82866043613708,64,195,96,203.125,24,114,212
SA Yadav,2832,1764,80,160.54421768707482,294,121,26.927437641723355,1481,961,154.11030176899064,153,61,1351,803,168.24408468244084,141,60,494,353,139.94334277620396,66,14,80,1844,1177,156.6694987255735,178,74,252,494,234,211.11111111111111,50,33,83,1755,1077,1919,1824,358,240,149.16666666666666,59,793,570,139.12280701754386,100,330,151,218.5430463576159,55,136,113,120.35398230088497,21,1051,607,173.1466227347611,152,164,83,197.59036144578312,28,74,164
SV Samson,2603,1747,83,148.99828277046365,209,130,27.18946765884373,1237,837,147.78972520908005,97,62,1366,910,150.1098901098901,112,68,710,524,135.49618320610688,92,24,116,1502,1014,148.12623274161737,89,81,170,391,209,187.08133971291866,28,25,53,1419,1184,1761,1836,336,249,134.93975903614458,51,677,465,145.59139784946237,78,224,123,182.11382113821136,30,374,275,136.0,65,825,549,150.27322404371583,92,167,86,194.1860465116279,23,80,177
RD Gaikwad,2598,1863,70,139.4524959742351,231,95,29.414922168545353,1592,1087,146.458141674333,137,69,1006,776,129.63917525773198,94,26,1260,963,130.8411214953271,140,37,177,1063,744,142.8763440860215,69,44,113,275,156,176.28205128205127,22,14,36,1700,898,1762,1556,763,572,133.3916083916084,110,651,422,154.26540284360192,72,178,93,191.3978494623656,24,497,391,127.10997442455243,67,412,322,127.95031055900621,41,97,63,153.96825396825398,12,94,137
Ishan Kishan,2403,1691,79,142.10526315789474,224,100,30.21880544056771,1051,771,136.3164721141375,98,37,1352,920,146.95652173913044,126,63,1169,838,139.49880668257757,143,40,183,939,705,133.19148936170214,56,43,99,295,148,199.32432432432432,25,17,42,1543,860,1551,1498,409,317,129.02208201892745,62,433,349,124.06876790830945,43,209,105,199.04761904761904,30,760,521,145.87332053742804,121,506,356,142.13483146067415,56,86,43,200.0,12,74,187
S Dhawan,2293,1706,63,134.40797186400937,244,57,29.54279015240328,1325,978,135.480572597137,136,36,968,728,132.96703296703296,108,21,1076,840,128.09523809523807,138,27,165,969,717,135.14644351464435,84,19,103,248,149,166.44295302013424,22,11,33,1429,864,1857,1239,609,487,125.05133470225873,90,516,375,137.6,55,200,116,172.41379310344826,27,467,353,132.29461756373937,75,453,342,132.45614035087718,48,48,33,145.45454545454547,6,134,60
RG Sharma,2277,1656,84,137.5,209,108,35.08454106280193,1032,758,136.14775725593668,100,45,1245,898,138.641425389755,109,63,1488,1089,136.63911845730027,144,76,220,694,509,136.34577603143418,58,27,85,95,58,163.79310344827587,7,5,12,1328,949,1426,1468,694,509,136.34577603143418,108,289,221,130.76923076923077,31,49,28,175.0,6,794,580,136.89655172413794,112,405,288,140.625,54,46,30,153.33333333333334,6,37,165
YBK Jaiswal,2246,1454,66,154.47042640990372,259,92,32.53094910591472,956,630,151.74603174603175,113,39,1290,824,156.55339805825244,146,53,1426,892,159.86547085201795,194,58,252,730,518,140.92664092664094,56,28,84,90,44,204.54545454545453,9,6,15,1246,1000,1748,1637,608,405,150.12345679012347,105,289,202,143.06930693069307,36,59,23,256.52173913043475,11,818,487,167.9671457905544,147,441,316,139.55696202531647,48,31,21,147.61904761904762,4,64,139
N Pooran,2229,1321,80,168.73580620741862,148,153,25.208175624526874,1116,684,163.1578947368421,79,72,1113,637,174.72527472527472,69,81,174,110,158.1818181818182,16,12,28,1213,734,165.25885558583107,74,86,160,842,477,176.51991614255763,58,55,113,1180,1049,1444,1532,31,33,93.93939393939394,5,573,356,160.95505617977528,78,512,295,173.5593220338983,68,143,77,185.71428571428572,23,640,378,169.31216931216932,82,330,182,181.3186813186813,45,62,181
SS Iyer,2135,1534,70,139.17861799217732,165,85,25.16297262059974,1170,846,138.29787234042556,88,46,965,688,140.26162790697674,77,39,460,389,118.25192802056554,61,7,68,1200,887,135.28748590755356,72,48,120,475,258,184.10852713178295,32,30,62,1265,870,1597,1212,228,197,115.73604060913705,31,641,481,133.26403326403326,64,301,168,179.16666666666669,39,232,192,120.83333333333333,37,559,406,137.6847290640394,56,174,90,193.33333333333334,23,105,194
DA Warner,1968,1447,58,136.00552868002765,205,55,31.997235659986178,776,587,132.1976149914821,74,23,1192,860,138.6046511627907,131,32,1079,780,138.33333333333334,136,32,168,765,578,132.35294117647058,54,22,76,124,89,139.32584269662922,15,1,16,972,996,1006,797,418,313,133.54632587859425,61,322,241,133.60995850622405,31,36,33,109.09090909090908,5,661,467,141.54175588865095,107,443,337,131.4540059347181,45,88,56,157.14285714285714,11,74,92
Q de Kock,1946,1396,65,139.39828080229228,170,80,30.444126074498566,936,664,140.96385542168676,80,46,1010,732,137.97814207650273,90,34,1091,806,135.35980148883374,106,47,153,708,523,135.37284894837475,51,24,75,147,67,219.40298507462686,13,9,22,1451,495,1353,1047,555,399,139.09774436090225,82,296,230,128.69565217391303,30,85,35,242.85714285714283,14,536,407,131.6953316953317,71,412,293,140.61433447098977,45,62,32,193.75,8,50,129
S Dube,1936,1333,71,145.2363090772693,107,119,26.93173293323331,1168,744,156.98924731182794,62,78,768,589,130.3904923599321,45,41,38,47,80.85106382978722,3,1,4,1227,887,138.33145434047353,69,70,139,671,399,168.1704260651629,35,48,83,892,1044,1151,1261,7,10,70.0,1,675,454,148.6784140969163,79,486,280,173.57142857142858,60,31,37,83.78378378378379,3,552,433,127.48267898383372,60,185,119,155.46218487394958,23,76,162
D Padikkal,1918,1496,74,128.2085561497326,192,56,31.350267379679142,1197,933,128.29581993569133,123,35,721,563,128.06394316163409,69,21,880,695,126.61870503597122,109,22,131,887,699,126.89556509298998,63,32,95,151,102,148.03921568627453,20,2,22,1197,721,1529,993,561,466,120.3862660944206,81,574,424,135.37735849056605,68,62,43,144.1860465116279,9,319,229,139.30131004366814,50,313,275,113.81818181818181,27,89,59,150.84745762711864,13,62,47
RR Pant,1898,1393,69,136.2526920315865,168,76,29.64824120603015,1110,802,138.40399002493766,94,46,788,591,133.33333333333331,74,30,224,193,116.0621761658031,27,7,34,1118,893,125.19596864501679,93,37,130,556,307,181.1074918566775,48,32,80,735,1163,1235,926,84,90,93.33333333333333,11,632,508,124.40944881889764,71,394,204,193.13725490196077,58,140,103,135.92233009708738,23,486,385,126.23376623376623,59,162,103,157.28155339805824,22,86,149
B Sai Sudharsan,1884,1279,40,147.30258014073493,183,53,23.221266614542614,1010,663,152.33785822021116,93,32,874,616,141.88311688311688,90,21,718,518,138.6100386100386,86,15,101,927,645,143.72093023255815,77,24,101,239,116,206.0344827586207,20,14,34,1090,794,1094,1379,342,254,134.64566929133858,46,491,323,152.0123839009288,54,177,86,205.8139534883721,25,376,264,142.42424242424244,55,436,322,135.40372670807452,47,62,30,206.66666666666669,9,52,147
N Rana,1861,1323,71,140.66515495086924,177,81,31.292517006802722,927,633,146.44549763033174,89,44,934,690,135.36231884057972,88,37,529,402,131.59203980099502,69,20,89,1068,769,138.8816644993498,84,47,131,264,152,173.6842105263158,24,14,38,956,905,1248,1106,256,205,124.8780487804878,44,494,337,146.58753709198814,61,177,91,194.5054945054945,28,273,197,138.57868020304568,45,574,432,132.87037037037038,70,87,61,142.62295081967213,10,32,96
Abhishek Sharma,1841,1122,68,164.08199643493762,170,96,27.629233511586452,789,502,157.17131474103584,76,40,1052,620,169.67741935483872,94,56,1075,664,161.89759036144576,124,47,171,646,376,171.80851063829786,38,43,81,120,82,146.34146341463415,8,6,14,1154,687,1289,1109,480,313,153.3546325878594,75,245,152,161.1842105263158,32,64,37,172.97297297297297,9,595,351,169.51566951566952,96,401,224,179.01785714285714,49,56,45,124.44444444444444,5,69,129
HH Pandya,1751,1222,79,143.2896890343699,135,81,26.677577741407525,1047,716,146.2290502793296,71,52,704,506,139.1304347826087,64,29,147,139,105.75539568345324,22,0,22,873,648,134.72222222222223,64,37,101,731,435,168.04597701149427,49,44,93,1104,647,1195,1034,84,82,102.4390243902439,10,452,345,131.0144927536232,49,511,289,176.8166089965398,64,63,57,110.5263157894737,12,421,303,138.94389438943895,52,220,146,150.68493150684932,29,29,97
MP Stoinis,1652,1084,74,152.39852398523985,124,88,26.014760147601475,866,570,151.9298245614035,59,50,786,514,152.91828793774317,65,38,265,206,128.64077669902915,36,7,43,755,546,138.27838827838826,44,39,83,632,332,190.36144578313252,44,42,86,1025,627,955,962,108,93,116.12903225806453,16,380,287,132.404181184669,41,378,190,198.94736842105263,52,157,113,138.93805309734512,27,375,259,144.78764478764478,42,254,142,178.8732394366197,34,51,65
RA Tripathi,1597,1137,65,140.45734388742304,155,58,28.759894459102902,767,572,134.0909090909091,75,24,830,565,146.90265486725664,80,34,635,467,135.97430406852249,78,20,98,821,582,141.06529209621993,65,30,95,141,88,160.22727272727272,12,8,20,868,729,1286,660,353,264,133.71212121212122,55,371,279,132.97491039426524,38,43,29,148.27586206896552,6,282,203,138.91625615763547,43,450,303,148.5148514851485,57,98,59,166.10169491525423,14,84,119
MA Agarwal,1584,1117,53,141.80841539838852,156,48,27.57385854968666,763,539,141.55844155844156,77,24,821,578,142.04152249134947,79,24,848,642,132.08722741433021,95,20,115,609,413,147.45762711864407,50,21,71,127,62,204.83870967741936,11,7,18,566,1018,1409,839,412,319,129.15360501567397,57,283,187,151.33689839572193,34,68,33,206.06060606060606,10,436,323,134.98452012383902,58,326,226,144.24778761061947,37,59,29,203.44827586206895,8,45,131
Tilak Varma,1581,1089,51,145.17906336088154,113,74,24.885215794306703,685,480,142.70833333333331,45,33,896,609,147.1264367816092,68,41,160,123,130.0813008130081,14,7,21,1005,734,136.92098092643053,70,42,112,416,232,179.31034482758622,29,25,54,564,1017,1122,1040,67,57,117.54385964912282,7,390,303,128.7128712871287,41,228,120,190.0,30,93,66,140.9090909090909,14,615,431,142.69141531322506,71,188,112,167.85714285714286,24,13,111
VR Iyer,1542,1107,56,139.29539295392954,136,65,30.713640469738028,706,508,138.9763779527559,63,30,836,599,139.56594323873122,73,35,626,473,132.34672304439746,70,25,95,768,542,141.69741697416973,51,33,84,148,92,160.8695652173913,15,7,22,930,612,1066,673,262,211,124.17061611374407,39,316,223,141.70403587443948,35,128,74,172.97297297297297,19,364,262,138.93129770992368,56,452,319,141.69278996865205,49,20,18,111.11111111111111,3,48,90
GJ Maxwell,1503,994,67,151.2072434607646,128,70,25.855130784708248,966,641,150.70202808112325,78,49,537,353,152.12464589235128,50,21,204,127,160.62992125984252,28,8,36,911,653,139.50995405819296,59,45,104,388,214,181.30841121495328,41,17,58,904,599,974,774,139,87,159.77011494252872,26,570,396,143.93939393939394,66,257,158,162.65822784810126,35,65,40,162.5,10,341,257,132.68482490272373,38,131,56,233.92857142857144,23,57,32
AK Markram,1483,1093,55,135.68161024702653,111,57,24.33668801463861,784,576,136.11111111111111,50,33,699,517,135.20309477756288,61,24,375,291,128.8659793814433,44,12,56,847,654,129.51070336391436,50,30,80,261,148,176.35135135135135,17,15,32,696,787,1079,864,233,163,142.94478527607362,34,447,348,128.44827586206898,40,104,65,160.0,9,142,128,110.9375,22,400,306,130.718954248366,40,157,83,189.15662650602408,23,60,121
SO Hetmyer,1478,956,73,154.60251046025104,89,86,23.744769874476987,758,517,146.61508704061896,44,44,720,439,164.00911161731207,45,42,30,31,96.7741935483871,4,1,5,464,357,129.9719887955182,26,22,48,984,568,173.2394366197183,59,63,122,802,676,943,840,7,13,53.84615384615385,1,172,162,106.17283950617285,16,579,342,169.29824561403507,71,23,18,127.77777777777777,4,292,195,149.74358974358975,32,405,226,179.20353982300884,51,57,75
R Parag,1465,1021,67,143.48677766895202,94,82,25.759059745347702,735,514,142.99610894941634,45,37,730,507,143.98422090729784,49,45,139,96,144.79166666666669,14,9,23,817,604,135.26490066225165,48,40,88,509,321,158.5669781931464,32,33,65,669,796,1139,951,19,18,105.55555555555556,2,380,282,134.75177304964538,38,336,214,157.00934579439252,42,120,78,153.84615384615387,21,437,322,135.71428571428572,50,173,107,161.6822429906542,23,33,64
H Klaasen,1464,849,39,172.43816254416961,93,88,17.785630153121318,984,550,178.9090909090909,65,60,480,299,160.5351170568562,28,28,78,49,159.18367346938774,8,4,12,861,540,159.44444444444446,49,49,98,525,260,201.9230769230769,36,35,71,677,787,903,992,54,33,163.63636363636365,9,556,341,163.04985337243403,65,374,176,212.5,51,24,16,150.0,3,305,199,153.26633165829148,33,151,84,179.76190476190476,20,115,130
RA Jadeja,1405,975,69,144.1025641025641,105,52,20.923076923076923,832,597,139.36348408710217,60,29,573,378,151.58730158730157,45,23,60,49,122.44897959183673,9,1,10,400,366,109.28961748633881,29,5,34,945,560,168.75,67,46,113,468,937,928,871,41,34,120.58823529411764,7,217,221,98.19004524886877,17,574,342,167.83625730994152,65,19,15,126.66666666666666,3,183,145,126.20689655172414,17,371,218,170.1834862385321,48,58,90
P Simran Singh,1381,886,51,155.86907449209932,140,70,31.82844243792325,838,517,162.0889748549323,83,44,543,369,147.15447154471545,57,26,899,595,151.0924369747899,106,40,146,419,259,161.7760617760618,28,26,54,63,32,196.875,6,4,10,813,568,818,915,520,335,155.22388059701493,84,259,157,164.96815286624204,33,59,25,236.0,10,379,260,145.76923076923077,62,160,102,156.86274509803923,21,4,7,57.14285714285714,0,30,62
PP Shaw,1347,886,54,152.0316027088036,166,42,29.119638826185103,714,481,148.44074844074845,83,23,633,405,156.29629629629628,83,19,981,647,151.6228748068006,137,25,162,366,237,154.43037974683546,29,17,46,0,2,0.0,0,0,0,791,556,810,731,507,342,148.24561403508773,80,207,139,148.9208633093525,26,0,0,0.0,0,474,305,155.40983606557376,82,159,98,162.24489795918367,20,0,2,0.0,0,58,129
AD Russell,1340,823,62,162.81895504252734,90,103,32.92831105710814,829,507,163.51084812623273,56,62,511,316,161.70886075949366,34,41,14,4,350.0,2,1,3,664,446,148.87892376681614,42,51,93,662,373,177.4798927613941,46,51,97,579,761,838,773,0,0,0.0,0,324,246,131.70731707317074,42,505,261,193.48659003831418,76,14,4,350.0,3,340,200,170.0,51,157,112,140.17857142857142,21,21,88
DA Miller,1286,920,56,139.7826086956522,94,51,22.934782608695652,528,403,131.01736972704714,33,21,758,517,146.61508704061896,61,30,39,46,84.78260869565217,5,0,5,591,464,127.37068965517241,42,20,62,656,410,160.0,47,31,78,836,450,1010,655,6,11,54.54545454545454,1,219,186,117.74193548387098,19,303,206,147.0873786407767,34,33,35,94.28571428571428,4,372,278,133.81294964028777,43,353,204,173.03921568627453,44,54,38
JM Bairstow,1280,889,42,143.9820022497188,125,56,32.8458942632171,479,334,143.4131736526946,40,21,801,555,144.32432432432432,85,35,777,511,152.05479452054794,90,35,125,453,333,136.03603603603605,33,19,52,50,45,111.11111111111111,2,2,4,670,610,779,658,294,193,152.33160621761658,43,172,127,135.43307086614175,17,13,14,92.85714285714286,1,483,318,151.88679245283018,82,281,206,136.40776699029126,35,37,31,119.35483870967742,3,26,24
AM Rahane,1279,921,51,138.87079261672096,111,49,27.47014115092291,627,455,137.8021978021978,53,28,652,466,139.91416309012877,58,21,721,490,147.14285714285717,78,31,109,512,410,124.8780487804878,30,15,45,46,21,219.04761904761907,3,3,6,644,635,780,687,365,250,146.0,56,226,193,117.09844559585491,19,36,12,300.0,6,356,240,148.33333333333334,53,286,217,131.79723502304148,26,10,9,111.11111111111111,0,15,118
WP Saha,1250,986,50,126.77484787018255,136,28,32.25152129817444,576,453,127.15231788079471,62,14,674,533,126.45403377110694,74,14,839,620,135.32258064516128,105,25,130,362,321,112.77258566978192,28,2,30,49,45,108.88888888888889,3,1,4,853,397,953,567,348,275,126.54545454545453,53,201,158,127.21518987341771,20,27,20,135.0,3,491,345,142.31884057971013,77,161,163,98.77300613496932,10,22,25,88.0,1,47,7
KD Karthik,1243,796,71,156.15577889447238,109,60,24.120603015075375,736,458,160.69868995633186,61,39,507,338,150.0,48,21,14,23,60.86956521739131,2,0,2,337,282,119.50354609929077,30,11,41,892,491,181.67006109979633,77,49,126,552,691,774,875,4,12,33.33333333333333,0,85,105,80.95238095238095,6,647,341,189.73607038123168,94,10,11,90.9090909090909,2,252,177,142.3728813559322,35,245,150,163.33333333333334,32,30,63
RM Patidar,1181,759,38,155.59947299077734,76,68,22.66139657444005,865,537,161.08007448789573,56,52,316,222,142.34234234234233,20,16,222,176,126.13636363636364,29,4,33,821,509,161.2966601178782,39,53,92,138,74,186.48648648648648,8,11,19,705,476,726,837,172,123,139.83739837398375,27,567,349,162.46418338108884,63,126,65,193.84615384615384,18,50,53,94.33962264150944,6,254,160,158.75,29,12,9,133.33333333333331,1,34,61
AR Patel,1173,834,61,140.6474820143885,83,59,26.019184652278177,591,433,136.48960739030022,44,28,582,401,145.13715710723193,39,31,60,52,115.38461538461537,8,1,9,542,425,127.52941176470588,44,25,69,571,357,159.94397759103643,31,33,64,490,683,800,633,21,28,75.0,2,264,226,116.8141592920354,32,306,179,170.94972067039106,38,39,24,162.5,7,278,199,139.69849246231155,37,265,178,148.87640449438203,26,78,49
MK Pandey,1152,929,42,124.00430570505921,87,40,30.032292787944026,521,408,127.69607843137254,40,13,631,521,121.11324376199617,47,27,338,269,125.65055762081785,41,11,52,612,525,116.57142857142857,35,19,54,202,135,149.62962962962962,11,10,21,410,742,705,421,96,80,120.0,16,306,244,125.40983606557377,25,119,84,141.66666666666669,12,242,189,128.04232804232805,36,306,281,108.89679715302492,29,83,51,162.7450980392157,9,52,78
DP Conway,1140,794,28,143.57682619647358,117,34,27.07808564231738,754,501,150.499001996008,77,27,386,293,131.740614334471,40,7,498,376,132.4468085106383,61,11,72,541,352,153.6931818181818,45,21,66,101,66,153.03030303030303,11,2,13,706,434,635,851,300,228,131.57894736842107,42,382,229,166.8122270742358,51,72,44,163.63636363636365,11,198,148,133.7837837837838,30,159,123,129.26829268292684,15,29,22,131.8181818181818,2,13,75
PD Salt,1119,623,34,179.6147672552167,122,56,27.12680577849117,435,251,173.30677290836653,47,22,684,372,183.8709677419355,75,34,771,431,178.8863109048724,91,37,128,313,173,180.92485549132948,27,17,44,35,19,184.21052631578948,4,2,6,796,323,878,767,336,194,173.1958762886598,56,73,43,169.7674418604651,9,26,14,185.71428571428572,4,435,237,183.54430379746836,72,240,130,184.6153846153846,35,9,5,180.0,2,3,158
SP Narine,1118,663,64,168.62745098039215,96,72,28.95927601809955,724,437,165.67505720823797,66,44,394,226,174.3362831858407,30,28,598,360,166.11111111111111,59,35,94,405,233,173.8197424892704,29,29,58,115,70,164.28571428571428,8,8,16,566,552,723,753,331,203,163.0541871921182,54,336,195,172.30769230769232,48,57,39,146.15384615384613,8,267,157,170.06369426751593,40,69,38,181.57894736842107,10,58,31,187.09677419354838,8,2,111
MR Marsh,1114,732,35,152.18579234972677,95,61,29.6448087431694,717,441,162.58503401360545,62,39,397,291,136.42611683848799,33,22,537,356,150.8426966292135,49,32,81,495,335,147.76119402985074,40,23,63,82,41,200.0,6,6,12,584,530,813,763,343,217,158.06451612903226,52,312,193,161.6580310880829,40,62,31,200.0,9,194,139,139.568345323741,29,183,142,128.8732394366197,23,20,10,200.0,3,32,124
AT Rayudu,1087,809,47,134.36341161928306,81,53,29.419035846724352,553,397,139.29471032745593,36,32,534,412,129.6116504854369,45,21,101,106,95.28301886792453,13,3,16,674,524,128.6259541984733,48,29,77,312,179,174.30167597765362,20,21,41,502,585,877,453,38,45,84.44444444444444,7,302,242,124.79338842975207,33,213,110,193.63636363636363,28,63,61,103.27868852459017,9,372,282,131.91489361702128,44,99,69,143.47826086956522,13,67,41
RK Singh,1079,725,44,148.82758620689657,82,54,25.93103448275862,529,384,137.76041666666669,41,21,550,341,161.29032258064515,41,33,37,28,132.14285714285714,4,2,6,422,369,114.36314363143632,26,13,39,620,328,189.02439024390242,52,39,91,569,510,716,749,16,14,114.28571428571428,3,231,198,116.66666666666667,20,282,172,163.95348837209303,39,21,14,150.0,3,191,171,111.69590643274854,19,338,156,216.66666666666666,52,6,22
MS Dhoni,1073,783,71,137.03703703703704,78,55,30.65134099616858,517,404,127.97029702970298,38,25,556,379,146.70184696569922,40,30,24,26,92.3076923076923,3,0,3,168,222,75.67567567567568,10,2,12,881,535,164.6728971962617,65,53,118,311,762,661,502,24,26,92.3076923076923,3,104,136,76.47058823529412,9,389,242,160.74380165289256,51,0,0,0.0,0,64,86,74.4186046511628,3,492,293,167.91808873720134,67,28,84
R Tewatia,1060,758,64,139.84168865435356,79,51,26.912928759894463,365,254,143.7007874015748,27,17,695,504,137.8968253968254,52,34,2,4,50.0,0,0,0,292,302,96.68874172185431,21,6,27,766,452,169.4690265486726,58,45,103,531,529,707,448,0,0,0.0,0,63,70,90.0,5,302,184,164.1304347826087,39,2,4,50.0,0,229,232,98.70689655172413,22,464,268,173.13432835820893,64,40,76
LS Livingstone,1045,651,43,160.52227342549924,64,70,23.963133640552993,659,433,152.19399538106236,45,38,386,218,177.06422018348624,19,32,115,84,136.9047619047619,14,5,19,558,401,139.15211970074813,31,32,63,372,166,224.09638554216866,19,33,52,447,598,714,737,104,68,152.94117647058823,18,357,270,132.22222222222223,40,198,95,208.42105263157893,25,11,16,68.75,1,201,131,153.4351145038168,23,174,71,245.07042253521126,27,12,103
A Badoni,1033,740,46,139.5945945945946,73,38,23.37837837837838,690,479,144.05010438413362,53,24,343,261,131.4176245210728,20,14,32,50,64.0,2,1,3,445,353,126.06232294617563,31,14,45,556,337,164.98516320474778,40,23,63,401,632,629,527,13,19,68.42105263157895,2,293,228,128.50877192982458,29,384,232,165.51724137931035,46,19,31,61.29032258064516,1,152,125,121.6,16,172,105,163.8095238095238,17,41,99
JM Sharma,1029,656,47,156.859756097561,77,62,27.134146341463417,653,419,155.8472553699284,53,38,376,237,158.64978902953587,24,24,13,23,56.52173913043478,2,0,2,569,396,143.68686868686868,45,29,74,447,237,188.60759493670886,30,33,63,445,584,798,724,13,23,56.52173913043478,2,352,246,143.08943089430895,47,288,150,192.0,42,0,0,0.0,0,217,150,144.66666666666669,27,159,87,182.75862068965517,21,39,99
DJ Hooda,1020,781,56,130.60179257362356,71,38,25.352112676056336,646,470,137.4468085106383,46,25,374,311,120.2572347266881,25,13,174,156,111.53846153846155,20,3,23,612,475,128.8421052631579,36,23,59,234,150,156.0,15,12,27,473,547,701,463,93,87,106.89655172413792,11,400,294,136.05442176870747,42,153,89,171.91011235955057,18,81,69,117.3913043478261,12,212,181,117.1270718232044,17,81,61,132.78688524590163,9,41,95
TM Head,993,555,27,178.9189189189189,114,47,25.045045045045043,738,412,179.12621359223303,84,34,255,143,178.32167832167832,30,13,697,366,190.43715846994536,91,32,123,296,189,156.6137566137566,23,15,38,0,0,0.0,0,0,0,764,229,479,752,519,262,198.0916030534351,90,219,150,146.0,28,0,0,0.0,0,178,104,171.15384615384613,33,77,39,197.43589743589746,10,0,0,0.0,0,15,81
SM Curran,952,706,45,134.8441926345609,72,38,26.628895184135974,525,389,134.96143958868893,41,22,427,317,134.70031545741327,31,16,137,124,110.48387096774192,13,4,17,405,349,116.0458452722063,28,10,38,410,233,175.9656652360515,31,24,55,400,552,758,549,98,82,119.51219512195121,13,183,172,106.3953488372093,16,244,135,180.74074074074073,34,39,42,92.85714285714286,4,222,177,125.42372881355932,22,166,98,169.3877551020408,21,39,110
KH Pandya,922,741,68,124.4264507422402,67,30,28.34008097165992,485,395,122.78481012658229,32,15,437,346,126.30057803468209,35,15,55,54,101.85185185185186,8,0,8,517,456,113.37719298245614,30,18,48,350,231,151.5151515151515,29,12,41,520,402,593,416,17,19,89.47368421052632,1,217,208,104.32692307692308,18,251,168,149.4047619047619,28,38,35,108.57142857142857,7,300,248,120.96774193548387,30,99,63,157.14285714285714,13,7,39
MM Ali,917,682,45,134.45747800586508,75,44,31.2316715542522,603,425,141.8823529411765,49,32,314,257,122.17898832684826,26,12,215,168,127.97619047619047,27,10,37,504,393,128.2442748091603,36,21,57,198,121,163.63636363636365,12,13,25,366,551,673,514,181,133,136.09022556390977,32,266,210,126.66666666666666,28,156,82,190.2439024390244,21,34,35,97.14285714285714,5,238,183,130.05464480874315,29,42,39,107.6923076923077,4,20,10
TH David,900,524,44,171.7557251908397,54,60,22.328244274809162,438,279,156.98924731182794,28,26,462,245,188.57142857142856,26,34,0,0,0.0,0,0,0,177,138,128.26086956521738,10,9,19,723,386,187.30569948186528,44,51,95,397,503,704,539,0,0,0.0,0,92,81,113.58024691358024,8,346,198,174.74747474747474,46,0,0,0.0,0,85,57,149.12280701754386,11,377,188,200.531914893617,49,5,31
KS Williamson,867,750,35,115.6,75,20,33.06666666666666,267,210,127.14285714285714,29,4,600,540,111.11111111111111,46,16,268,266,100.75187969924812,33,4,37,375,350,107.14285714285714,19,10,29,224,134,167.1641791044776,23,6,29,493,374,628,242,87,75,115.99999999999999,14,67,73,91.78082191780823,4,113,62,182.25806451612902,15,181,191,94.76439790575915,23,308,277,111.1913357400722,25,111,72,154.16666666666669,14,8,15
Shashank Singh,805,510,33,157.84313725490196,56,43,21.568627450980394,329,213,154.46009389671363,22,15,476,297,160.26936026936028,34,28,37,28,132.14285714285714,6,0,6,329,254,129.5275590551181,20,15,35,439,228,192.54385964912282,30,28,58,403,402,580,649,0,0,0.0,0,118,110,107.27272727272728,9,211,103,204.85436893203882,28,37,28,132.14285714285714,6,211,144,146.52777777777777,26,228,125,182.4,30,19,25
AB de Villiers,785,507,28,154.83234714003945,56,39,24.2603550295858,574,363,158.12672176308538,40,28,211,144,146.52777777777777,16,11,45,47,95.74468085106383,5,1,6,264,246,107.31707317073172,18,4,22,476,214,222.42990654205607,33,34,67,464,321,573,345,7,13,53.84615384615385,0,218,193,112.95336787564767,18,349,157,222.29299363057328,50,38,34,111.76470588235294,6,46,53,86.79245283018868,4,127,57,222.80701754385964,17,91,5
Abdul Samad,772,504,51,153.1746031746032,45,50,23.015873015873016,419,258,162.4031007751938,25,29,353,246,143.4959349593496,20,21,0,0,0.0,0,0,0,254,202,125.74257425742574,16,13,29,518,302,171.52317880794703,29,37,66,254,518,507,444,0,0,0.0,0,113,97,116.49484536082475,13,306,161,190.06211180124225,41,0,0,0.0,0,141,105,134.28571428571428,16,212,141,150.354609929078,25,36,35
M Shahrukh Khan,770,517,48,148.93617021276594,46,50,26.692456479690524,493,342,144.1520467836257,33,29,277,175,158.2857142857143,13,21,23,21,109.52380952380953,2,1,3,334,247,135.22267206477733,18,23,41,413,249,165.86345381526104,26,26,52,259,511,569,442,8,7,114.28571428571428,1,249,193,129.01554404145077,30,236,142,166.19718309859155,31,15,14,107.14285714285714,2,85,54,157.40740740740742,11,177,107,165.42056074766356,21,15,64
N Wadhera,758,522,31,145.21072796934865,60,39,29.310344827586203,394,270,145.92592592592592,32,20,364,252,144.44444444444443,28,19,55,47,117.02127659574468,4,3,7,567,396,143.1818181818182,47,25,72,136,79,172.15189873417722,9,11,20,352,406,562,463,34,30,113.33333333333333,5,285,201,141.7910447761194,35,75,39,192.30769230769232,12,21,17,123.52941176470588,2,282,195,144.6153846153846,37,61,40,152.5,8,13,30
C Green,733,472,28,155.29661016949152,62,32,23.30508474576271,374,249,150.2008032128514,36,12,359,223,160.98654708520178,26,20,209,124,168.5483870967742,28,6,34,315,242,130.16528925619835,16,16,32,209,106,197.16981132075472,18,10,28,467,266,451,667,69,43,160.46511627906978,13,155,131,118.3206106870229,15,150,75,200.0,20,140,81,172.8395061728395,21,160,111,144.14414414414415,17,59,31,190.3225806451613,8,21,41
T Stubbs,724,441,30,164.17233560090702,51,37,17.913832199546487,399,246,162.19512195121953,32,18,325,195,166.66666666666669,19,19,12,12,100.0,2,0,2,267,226,118.14159292035397,10,11,21,445,203,219.21182266009853,39,26,65,328,396,410,478,0,1,0.0,0,101,107,94.39252336448598,5,298,138,215.94202898550722,45,12,11,109.09090909090908,2,166,119,139.49579831932772,16,147,65,226.15384615384616,20,31,99
V Shankar,719,556,36,129.31654676258992,54,24,25.719424460431657,166,124,133.8709677419355,11,7,553,432,128.00925925925927,43,17,109,104,104.8076923076923,13,2,15,330,289,114.18685121107266,25,5,30,280,163,171.7791411042945,16,17,33,347,372,526,325,29,34,85.29411764705883,3,53,50,106.0,4,84,40,210.0,11,80,70,114.28571428571428,12,277,239,115.89958158995816,26,196,123,159.34959349593495,22,22,29
KA Pollard,712,473,36,150.52854122621565,37,47,27.27272727272727,359,239,150.2092050209205,15,26,353,234,150.85470085470087,22,21,0,0,0.0,0,0,0,192,170,112.94117647058823,8,11,19,520,303,171.6171617161716,29,36,65,383,329,489,367,0,0,0.0,0,76,88,86.36363636363636,5,283,151,187.41721854304637,36,0,0,0.0,0,116,82,141.46341463414635,14,237,152,155.92105263157893,29,2,38
Dhruv Jurel,703,456,35,154.16666666666669,51,38,24.12280701754386,212,143,148.25174825174824,17,9,491,313,156.86900958466455,34,29,24,13,184.6153846153846,3,1,4,253,204,124.01960784313727,17,13,30,426,239,178.2426778242678,31,24,55,259,444,478,551,0,0,0.0,0,42,47,89.36170212765957,4,170,96,177.08333333333331,22,24,13,184.6153846153846,4,211,157,134.39490445859872,26,256,143,179.020979020979,33,14,13
Abishek Porel,678,454,29,149.33920704845815,65,27,24.669603524229075,416,256,162.5,38,21,262,198,132.32323232323233,27,6,326,217,150.23041474654377,39,12,51,291,203,143.34975369458127,20,12,32,61,34,179.41176470588235,6,3,9,314,364,395,474,218,128,170.3125,35,154,108,142.59259259259258,17,44,20,220.00000000000003,7,108,89,121.34831460674158,16,137,95,144.21052631578948,15,17,14,121.42857142857142,2,16,66
Shahbaz Ahmed,593,475,38,124.84210526315789,29,25,24.421052631578945,312,238,131.0924369747899,15,13,281,237,118.56540084388185,14,12,27,27,100.0,0,1,1,283,251,112.74900398406376,14,8,22,283,197,143.6548223350254,15,16,31,320,273,278,382,22,20,110.00000000000001,1,110,88,125.0,9,180,130,138.46153846153845,18,5,7,71.42857142857143,0,173,163,106.13496932515338,13,103,67,153.73134328358208,13,20,41
EJG Morgan,588,454,29,129.51541850220266,40,30,32.59911894273127,361,263,137.26235741444867,27,17,227,191,118.84816753926701,13,13,50,53,94.33962264150944,8,1,9,285,260,109.61538461538463,16,13,29,253,141,179.43262411347519,16,16,32,296,292,325,229,26,35,74.28571428571429,5,155,130,119.23076923076923,17,180,98,183.67346938775512,22,24,18,133.33333333333331,4,130,130,100.0,12,73,43,169.7674418604651,10,12,62
RV Uthappa,576,437,27,131.80778032036613,46,26,31.80778032036613,339,245,138.3673469387755,26,17,237,192,123.4375,20,9,311,239,130.1255230125523,32,12,44,215,170,126.47058823529412,11,10,21,50,28,178.57142857142858,3,4,7,308,268,422,349,183,140,130.71428571428572,26,120,87,137.93103448275863,12,36,18,200.0,5,128,99,129.2929292929293,18,95,83,114.45783132530121,9,14,10,140.0,2,20,54
PJ Cummins,571,361,39,158.17174515235456,34,37,27.70083102493075,316,232,136.20689655172413,18,16,255,129,197.67441860465115,16,21,0,0,0.0,0,0,0,148,118,125.42372881355932,13,7,20,423,243,174.07407407407408,21,30,51,134,437,325,246,0,0,0.0,0,50,58,86.20689655172413,5,266,174,152.8735632183908,29,0,0,0.0,0,98,60,163.33333333333334,15,157,69,227.53623188405797,22,69,64
Priyansh Arya,568,310,18,183.2258064516129,60,31,26.7741935483871,405,206,196.60194174757282,38,27,163,104,156.73076923076923,22,4,405,227,178.41409691629957,50,17,67,163,83,196.3855421686747,10,14,24,0,0,0.0,0,0,0,394,174,299,429,281,147,191.156462585034,47,124,59,210.16949152542375,18,0,0,0.0,0,124,80,155.0,20,39,24,162.5,6,0,0,0.0,0,18,54
MK Lomror,537,365,32,147.12328767123287,30,30,19.45205479452055,382,262,145.80152671755727,22,19,155,103,150.48543689320388,8,11,27,35,77.14285714285715,1,1,2,273,194,140.7216494845361,10,18,28,237,136,174.26470588235296,19,11,30,195,342,341,351,5,9,55.55555555555556,0,187,134,139.55223880597015,19,190,119,159.6638655462185,22,22,26,84.61538461538461,2,86,60,143.33333333333334,9,47,17,276.4705882352941,8,24,2
Rashid Khan,516,320,49,161.25,36,32,25.624999999999996,167,122,136.88524590163937,13,7,349,198,176.26262626262624,23,25,0,0,0.0,0,0,0,78,56,139.28571428571428,4,5,9,438,264,165.9090909090909,32,27,59,160,356,312,241,0,0,0.0,0,32,24,133.33333333333331,3,135,98,137.75510204081633,17,0,0,0.0,0,46,32,143.75,6,303,166,182.53012048192772,42,3,28
Nithish Kumar Reddy,508,382,22,132.98429319371726,31,25,27.486910994764397,359,277,129.6028880866426,23,17,149,105,141.9047619047619,8,8,80,79,101.26582278481013,4,3,7,324,243,133.33333333333331,21,15,36,104,60,173.33333333333334,6,7,13,302,206,359,357,43,49,87.75510204081633,3,274,201,136.318407960199,32,42,27,155.55555555555557,5,37,30,123.33333333333334,4,50,42,119.04761904761905,4,62,33,187.87878787878788,8,2,29
CH Gayle,506,383,17,132.1148825065274,36,31,34.9869451697128,294,231,127.27272727272727,24,15,212,152,139.4736842105263,12,16,147,106,138.67924528301887,19,6,25,253,214,118.22429906542055,12,16,28,106,63,168.25396825396825,5,9,14,338,168,459,289,110,83,132.53012048192772,19,146,127,114.96062992125984,15,38,21,180.95238095238096,5,37,23,160.8695652173913,6,107,87,122.98850574712642,13,68,42,161.9047619047619,9,45,53
R Ashwin,486,378,43,128.57142857142858,32,19,24.33862433862434,318,239,133.05439330543933,20,13,168,139,120.86330935251799,12,6,70,47,148.93617021276594,9,3,12,197,187,105.3475935828877,8,8,16,219,144,152.08333333333331,15,8,23,248,238,401,156,53,28,189.28571428571428,10,139,126,110.31746031746033,12,126,85,148.23529411764707,11,17,19,89.47368421052632,2,58,61,95.08196721311475,4,93,59,157.6271186440678,12,22,34
SPD Smith,483,383,21,126.10966057441253,45,11,26.89295039164491,230,166,138.55421686746988,20,6,253,217,116.58986175115207,25,5,163,141,115.60283687943263,18,5,23,220,182,120.87912087912088,15,4,19,100,60,166.66666666666669,12,2,14,279,204,368,238,42,36,116.66666666666667,5,114,85,134.1176470588235,11,74,45,164.44444444444443,10,121,105,115.23809523809523,18,106,97,109.27835051546391,8,26,15,173.33333333333334,4,47,19
A Raghuvanshi,478,326,18,146.62576687116564,46,16,21.779141104294478,360,238,151.26050420168067,34,13,118,88,134.0909090909091,12,3,161,93,173.11827956989248,19,7,26,258,189,136.5079365079365,22,7,29,59,44,134.0909090909091,5,2,7,278,200,240,301,115,66,174.24242424242425,18,216,145,148.96551724137933,26,29,27,107.40740740740742,3,46,27,170.37037037037038,8,42,44,95.45454545454545,3,30,17,176.47058823529412,4,1,40
WG Jacks,478,306,19,156.20915032679738,38,29,29.08496732026144,205,137,149.63503649635038,21,9,273,169,161.53846153846155,17,20,192,128,150.0,20,10,30,257,172,149.41860465116278,17,15,32,29,6,483.3333333333333,1,4,5,351,127,361,333,94,68,138.23529411764704,16,110,68,161.76470588235296,14,1,1,100.0,0,98,60,163.33333333333334,14,147,104,141.34615384615387,18,28,5,560.0,5,18,51
Washington Sundar,471,370,31,127.2972972972973,37,12,23.513513513513516,194,181,107.18232044198895,10,4,277,189,146.56084656084656,27,8,48,35,137.14285714285714,3,2,5,186,172,108.13953488372093,14,4,18,237,163,145.39877300613497,20,6,26,122,349,286,140,0,0,0.0,0,67,78,85.8974358974359,4,127,103,123.3009708737864,10,48,35,137.14285714285714,5,119,94,126.59574468085107,14,110,60,183.33333333333331,16,11,13
D Brevis,468,305,16,153.44262295081967,30,33,31.475409836065577,219,141,155.3191489361702,12,15,249,164,151.82926829268294,18,18,91,73,124.65753424657535,11,3,14,327,212,154.24528301886792,16,25,41,50,20,250.0,3,5,8,147,321,347,298,27,23,117.3913043478261,3,142,100,142.0,16,50,18,277.77777777777777,8,64,50,128.0,11,185,112,165.17857142857142,25,0,2,0.0,0,19,81
JJ Roy,468,321,13,145.79439252336448,57,13,32.71028037383177,199,159,125.1572327044025,22,6,269,162,166.0493827160494,35,7,295,205,143.90243902439025,42,6,48,173,116,149.13793103448276,15,7,22,0,0,0.0,0,0,0,244,224,311,264,138,105,131.42857142857142,23,61,54,112.96296296296295,5,0,0,0.0,0,157,100,157.0,25,112,62,180.64516129032256,17,0,0,0.0,0,29,0
RR Rossouw,436,270,17,161.4814814814815,42,22,27.40740740740741,155,80,193.75,13,10,281,190,147.89473684210526,29,12,121,78,155.12820512820514,22,2,24,251,161,155.90062111801242,16,16,32,64,31,206.4516129032258,4,4,8,225,211,203,265,12,9,133.33333333333331,3,88,45,195.55555555555554,13,55,26,211.53846153846155,7,109,69,157.97101449275362,21,163,116,140.51724137931035,19,9,5,180.0,1,0,41
R Ravindra,430,298,18,144.29530201342283,40,16,25.838926174496645,92,68,135.29411764705884,10,4,338,230,146.95652173913044,30,12,289,210,137.61904761904762,35,7,42,117,79,148.1012658227848,5,6,11,24,9,266.66666666666663,0,3,3,258,172,208,219,83,63,131.74603174603175,13,9,5,180.0,1,0,0,0.0,0,206,147,140.1360544217687,29,108,74,145.94594594594594,10,24,9,266.66666666666663,3,5,24
Ashutosh Sharma,422,256,18,164.84375,24,28,21.09375,150,99,151.5151515151515,7,9,272,157,173.2484076433121,17,19,0,0,0.0,0,0,0,124,94,131.91489361702128,5,9,14,298,162,183.9506172839506,19,19,38,117,305,346,301,0,0,0.0,0,22,19,115.78947368421053,2,128,80,160.0,14,0,0,0.0,0,102,75,136.0,12,170,82,207.3170731707317,24,21,35
Naman Dhir,412,226,19,182.3008849557522,37,23,20.353982300884958,181,98,184.6938775510204,17,9,231,128,180.46875,20,14,84,52,161.53846153846155,8,4,12,74,46,160.8695652173913,6,4,10,254,128,198.4375,23,15,38,112,300,208,318,0,1,0.0,0,17,17,100.0,1,164,80,204.99999999999997,25,84,51,164.70588235294116,12,57,29,196.55172413793102,9,90,48,187.5,13,0,46
J Fraser-McGurk,406,203,15,200.0,39,30,31.527093596059114,185,85,217.6470588235294,23,12,221,118,187.28813559322032,16,18,314,151,207.94701986754967,35,22,57,92,52,176.9230769230769,4,8,12,0,0,0.0,0,0,0,296,110,267,238,179,82,218.2926829268293,34,6,3,200.0,1,0,0,0.0,0,135,69,195.65217391304347,23,86,49,175.51020408163265,11,0,0,0.0,0,16,54
KR Mayers,403,276,13,146.0144927536232,38,22,38.405797101449274,230,147,156.4625850340136,16,17,173,129,134.10852713178295,22,5,303,217,139.63133640552996,34,13,47,100,59,169.4915254237288,4,9,13,0,0,0.0,0,0,0,205,198,187,247,135,97,139.17525773195877,20,95,50,190.0,13,0,0,0.0,0,168,120,140.0,27,5,9,55.55555555555556,0,0,0,0.0,0,20,27
RD Rickelton,402,266,14,151.12781954887217,47,17,33.83458646616541,233,147,158.50340136054422,26,11,169,119,142.01680672268907,21,6,305,199,153.26633165829148,39,12,51,97,67,144.77611940298507,8,5,13,0,0,0.0,0,0,0,326,76,246,270,179,109,164.2201834862385,30,54,38,142.10526315789474,7,0,0,0.0,0,126,90,140.0,21,43,29,148.27586206896552,6,0,0,0.0,0,22,37
Rahmanullah Gurbaz,402,283,18,142.04946996466433,34,22,38.16254416961131,256,160,160.0,22,15,146,123,118.69918699186992,12,7,283,207,136.71497584541063,26,15,41,119,75,158.66666666666666,8,7,15,0,1,0.0,0,0,0,243,159,304,283,172,110,156.36363636363637,25,84,49,171.42857142857142,12,0,1,0.0,0,111,97,114.43298969072164,16,35,26,134.6153846153846,3,0,0,0.0,0,6,47
AJ Finch,395,324,17,121.91358024691358,38,11,34.25925925925926,223,185,120.54054054054053,20,7,172,139,123.74100719424462,18,4,272,235,115.74468085106382,25,8,33,123,89,138.20224719101125,13,3,16,0,0,0.0,0,0,0,132,263,286,214,151,123,122.76422764227641,19,72,62,116.12903225806453,8,0,0,0.0,0,121,112,108.03571428571428,14,51,27,188.88888888888889,8,0,0,0.0,0,1,0
R Powell,387,261,23,148.27586206896552,22,28,31.03448275862069,148,112,132.14285714285714,7,11,239,149,160.40268456375838,15,17,0,0,0.0,0,0,0,139,132,105.3030303030303,6,8,14,248,129,192.24806201550388,16,20,36,173,214,242,250,0,0,0.0,0,82,76,107.89473684210526,8,66,36,183.33333333333331,10,0,0,0.0,0,57,56,101.78571428571428,6,182,93,195.69892473118279,26,27,37
DJ Mitchell,364,274,15,132.84671532846716,28,10,21.897810218978105,185,155,119.35483870967742,15,2,179,119,150.42016806722688,13,8,103,80,128.75,11,2,13,213,154,138.31168831168833,14,8,22,48,40,120.0,3,0,3,213,151,114,236,42,35,120.0,5,95,80,118.75,9,48,40,120.0,3,61,45,135.55555555555557,8,118,74,159.45945945945945,13,0,0,0.0,0,26,26
SE Rutherford,355,255,13,139.2156862745098,23,19,26.666666666666668,53,39,135.8974358974359,3,3,302,216,139.8148148148148,20,16,8,16,50.0,0,0,0,199,133,149.62406015037595,13,12,25,148,106,139.62264150943395,10,7,17,186,169,262,227,0,0,0.0,0,2,3,66.66666666666666,0,51,36,141.66666666666669,6,8,16,50.0,0,197,130,151.53846153846155,25,97,70,138.57142857142856,11,10,50
Anuj Rawat,346,276,21,125.36231884057972,26,14,32.971014492753625,180,126,142.85714285714286,13,8,166,150,110.66666666666667,13,6,90,91,98.9010989010989,9,3,12,106,100,106.0,6,2,8,150,85,176.47058823529412,11,9,20,172,174,226,248,33,31,106.4516129032258,5,36,32,112.5,2,111,63,176.19047619047618,14,57,60,95.0,7,70,68,102.94117647058823,6,39,22,177.27272727272728,6,9,13
Lalit Yadav,332,301,21,110.29900332225913,27,7,30.89700996677741,64,72,88.88888888888889,5,1,268,229,117.03056768558953,22,6,27,32,84.375,3,0,3,196,184,106.5217391304348,14,5,19,109,85,128.23529411764707,10,2,12,165,167,176,125,7,6,116.66666666666667,1,44,55,80.0,4,13,11,118.18181818181819,1,20,26,76.92307692307693,2,152,129,117.8294573643411,15,96,74,129.72972972972974,11,26,23
BA Stokes,312,225,11,138.66666666666669,38,7,31.555555555555554,64,69,92.7536231884058,6,0,248,156,158.97435897435898,32,7,182,132,137.87878787878788,26,4,30,86,71,121.12676056338027,7,2,9,44,22,200.0,5,1,6,197,115,293,197,34,38,89.47368421052632,4,22,25,88.0,1,8,6,133.33333333333331,1,148,94,157.4468085106383,26,64,46,139.1304347826087,8,36,16,225.0,5,14,0
SR Watson,312,254,11,122.83464566929135,33,13,40.55118110236221,87,69,126.08695652173914,9,3,225,185,121.62162162162163,24,10,159,147,108.16326530612245,19,7,26,145,99,146.46464646464648,13,6,19,8,8,100.0,1,0,1,153,159,207,176,26,26,100.0,5,60,41,146.34146341463415,7,1,2,50.0,0,133,121,109.91735537190081,21,85,58,146.55172413793102,12,7,6,116.66666666666667,1,4,16
SN Thakur,306,222,33,137.83783783783784,25,12,23.873873873873876,182,124,146.7741935483871,17,7,124,98,126.53061224489797,8,5,0,4,0.0,0,0,0,107,78,137.17948717948718,9,4,13,199,140,142.14285714285714,16,8,24,170,136,106,210,0,4,0.0,0,66,46,143.47826086956522,8,116,74,156.75675675675674,16,0,0,0.0,0,41,32,128.125,5,83,66,125.75757575757575,8,25,30
A Manohar,302,243,20,124.27983539094649,23,14,29.218106995884774,241,181,133.14917127071823,18,13,61,62,98.38709677419355,5,1,12,18,66.66666666666666,2,0,2,137,126,108.73015873015872,12,4,16,153,99,154.54545454545453,9,10,19,136,166,200,148,0,6,0.0,0,110,93,118.27956989247312,15,131,82,159.7560975609756,16,12,12,100.0,2,27,33,81.81818181818183,1,22,17,129.41176470588235,3,17,10
PBB Rajapaksa,294,201,13,146.26865671641792,22,15,25.870646766169152,191,135,141.48148148148147,13,10,103,66,156.06060606060606,9,5,83,52,159.6153846153846,8,5,13,205,141,145.39007092198582,14,10,24,6,8,75.0,0,0,0,196,98,217,180,66,38,173.6842105263158,10,119,89,133.7078651685393,13,6,8,75.0,0,17,14,121.42857142857142,3,86,52,165.3846153846154,11,0,0,0.0,0,23,12
PK Garg,289,247,19,117.00404858299595,16,9,26.720647773279353,174,136,127.94117647058823,11,6,115,111,103.60360360360362,5,3,57,52,109.61538461538463,2,3,5,164,154,106.49350649350649,7,4,11,68,41,165.85365853658536,7,2,9,137,152,214,114,39,39,100.0,3,73,67,108.95522388059702,5,62,30,206.66666666666669,9,18,13,138.46153846153845,2,91,87,104.59770114942528,6,6,11,54.54545454545454,0,7,14
JP Inglis,287,177,11,162.14689265536722,26,16,29.37853107344633,109,63,173.015873015873,8,7,178,114,156.140350877193,18,9,130,79,164.55696202531647,11,10,21,126,79,159.49367088607596,10,6,16,31,19,163.1578947368421,5,0,5,182,105,244,237,69,40,172.5,10,29,17,170.58823529411765,3,11,6,183.33333333333331,2,61,39,156.4102564102564,11,97,62,156.4516129032258,13,20,13,153.84615384615387,3,35,46
Atharva Taide,277,188,10,147.3404255319149,30,8,26.063829787234045,115,72,159.72222222222223,13,4,162,116,139.6551724137931,17,4,172,112,153.57142857142858,20,6,26,105,76,138.1578947368421,10,2,12,0,0,0.0,0,0,0,60,217,144,255,85,55,154.54545454545453,12,30,17,176.47058823529412,5,0,0,0.0,0,87,57,152.63157894736844,14,75,59,127.11864406779661,7,0,0,0.0,0,0,24
V Suryavanshi,261,129,7,202.32558139534885,18,24,28.68217054263566,0,0,0.0,0,0,261,129,202.32558139534885,18,24,150,76,197.36842105263156,11,14,25,111,53,209.43396226415098,7,10,17,0,0,0.0,0,0,0,165,96,261,261,0,0,0.0,0,0,0,0.0,0,0,0,0.0,0,150,76,197.36842105263156,25,111,53,209.43396226415098,17,0,0,0.0,0,0,30
KK Nair,247,154,13,160.3896103896104,27,10,24.025974025974026,69,54,127.77777777777777,6,2,178,100,178.0,21,8,121,76,159.21052631578948,14,6,20,108,65,166.15384615384616,11,4,15,18,13,138.46153846153845,2,0,2,84,163,232,210,25,19,131.57894736842107,4,26,22,118.18181818181819,2,18,13,138.46153846153845,2,96,57,168.42105263157893,16,82,43,190.69767441860466,13,0,0,0.0,0,30,25
Aniket Verma,246,148,12,166.2162162162162,12,20,26.351351351351347,207,110,188.1818181818182,10,18,39,38,102.63157894736842,2,2,18,17,105.88235294117648,2,0,2,145,87,166.66666666666669,6,13,19,83,44,188.63636363636365,4,7,11,73,173,188,92,18,17,105.88235294117648,2,115,58,198.27586206896552,16,74,35,211.42857142857144,10,0,0,0.0,0,30,29,103.44827586206897,3,9,9,100.0,1,16,5
A Mhatre,244,131,7,186.25954198473283,31,11,25.954198473282442,150,81,185.1851851851852,22,6,94,50,188.0,9,5,180,95,189.4736842105263,27,7,34,61,33,184.84848484848484,4,4,8,3,3,100.0,0,0,0,35,209,209,214,141,75,188.0,26,9,6,150.0,2,0,0,0.0,0,39,20,195.0,8,52,27,192.59259259259258,6,3,3,100.0,0,0,88
Harpreet Brar,243,200,25,121.50000000000001,17,9,29.5,173,138,125.36231884057972,11,8,70,62,112.90322580645163,6,1,0,0,0.0,0,0,0,41,54,75.92592592592592,4,1,5,202,146,138.35616438356163,13,8,21,70,173,177,97,0,0,0.0,0,21,36,58.333333333333336,2,152,102,149.01960784313727,17,0,0,0.0,0,20,18,111.11111111111111,3,50,44,113.63636363636364,4,21,14
E Lewis,235,156,10,150.64102564102564,26,10,31.41025641025641,138,98,140.81632653061226,18,5,97,58,167.24137931034483,8,5,147,93,158.06451612903226,18,7,25,53,43,123.25581395348837,5,1,6,35,20,175.0,3,2,5,130,105,235,127,120,81,148.14814814814815,21,18,17,105.88235294117648,2,0,0,0.0,0,27,12,225.0,4,35,26,134.6153846153846,4,35,20,175.0,5,16,25
JO Holder,231,185,22,124.86486486486486,9,16,30.270270270270274,80,64,125.0,2,6,151,121,124.79338842975207,7,10,12,18,66.66666666666666,3,0,3,79,61,129.5081967213115,1,6,7,140,106,132.0754716981132,5,10,15,100,131,175,38,0,0,0.0,0,26,21,123.80952380952381,2,54,43,125.5813953488372,6,12,18,66.66666666666666,3,53,40,132.5,5,86,63,136.5079365079365,9,2,9
Ramandeep Singh,229,142,20,161.26760563380282,9,17,20.422535211267608,170,102,166.66666666666669,6,14,59,40,147.5,3,3,3,4,75.0,0,0,0,100,74,135.13513513513513,3,7,10,126,64,196.875,6,10,16,122,107,153,123,0,0,0.0,0,74,53,139.62264150943395,8,96,49,195.91836734693877,12,3,4,75.0,0,26,21,123.80952380952381,2,30,15,200.0,4,18,18
SS Tiwary,221,180,9,122.77777777777779,18,5,24.444444444444443,120,94,127.65957446808511,10,3,101,86,117.44186046511629,8,2,17,14,121.42857142857142,3,0,3,159,139,114.38848920863309,10,4,14,45,27,166.66666666666669,5,1,6,72,149,148,56,3,4,75.0,0,94,78,120.51282051282051,9,23,12,191.66666666666669,4,14,10,140.0,3,65,61,106.55737704918033,5,22,15,146.66666666666666,2,0,12
KS Bharat,209,168,8,124.40476190476191,12,8,27.380952380952383,62,60,103.33333333333334,3,2,147,108,136.11111111111111,9,6,71,61,116.39344262295081,7,2,9,104,86,120.93023255813952,5,4,9,34,21,161.9047619047619,0,2,2,160,49,167,0,29,29,100.0,3,33,31,106.4516129032258,2,0,0,0.0,0,42,32,131.25,6,71,55,129.0909090909091,7,34,21,161.9047619047619,2,21,0
HC Brook,202,159,11,127.0440251572327,23,4,34.59119496855346,160,99,161.6161616161616,17,4,42,60,70.0,6,0,103,87,118.39080459770115,14,2,16,59,45,131.11111111111111,5,2,7,40,27,148.14814814814815,4,0,4,121,81,81,148,64,33,193.93939393939394,10,56,39,143.5897435897436,7,40,27,148.14814814814815,4,39,54,72.22222222222221,6,3,6,50.0,0,0,0,0.0,0,7,0
R Shepherd,195,93,12,209.6774193548387,12,17,20.43010752688172,142,53,267.92452830188677,10,13,53,40,132.5,2,4,0,0,0.0,0,0,0,25,19,131.57894736842107,0,2,2,170,74,229.72972972972974,12,15,27,114,81,111,132,0,0,0.0,0,0,2,0.0,0,142,51,278.4313725490196,23,0,0,0.0,0,25,17,147.05882352941177,2,28,23,121.73913043478262,4,0,8
MS Wade,192,152,11,126.3157894736842,23,2,36.84210526315789,69,49,140.81632653061226,10,1,123,103,119.41747572815532,13,1,134,96,139.58333333333331,19,2,21,58,56,103.57142857142858,4,0,4,0,0,0.0,0,0,0,146,46,170,65,67,46,145.65217391304347,11,2,3,66.66666666666666,0,0,0,0.0,0,67,50,134.0,10,56,53,105.66037735849056,4,0,0,0.0,0,0,0
Sikandar Raza,191,143,9,133.56643356643357,12,8,30.069930069930066,35,30,116.66666666666667,1,2,156,113,138.05309734513273,11,6,8,9,88.88888888888889,0,0,0,132,96,137.5,9,6,15,51,38,134.21052631578948,3,2,5,120,71,126,113,0,0,0.0,0,12,11,109.09090909090908,1,23,19,121.05263157894737,2,8,9,88.88888888888889,0,120,85,141.1764705882353,14,28,19,147.36842105263156,3,1,9
JC Archer,188,121,19,155.37190082644628,8,14,23.96694214876033,86,43,200.0,2,8,102,78,130.76923076923077,6,6,0,0,0.0,0,0,0,47,37,127.02702702702702,3,3,6,141,84,167.85714285714286,5,11,16,43,145,83,60,0,0,0.0,0,0,0,0.0,0,86,43,200.0,10,0,0,0.0,0,47,37,127.02702702702702,6,55,41,134.14634146341464,6,14,39
SN Khan,187,165,14,113.33333333333333,18,3,30.303030303030305,139,105,132.38095238095238,12,3,48,60,80.0,6,0,58,41,141.46341463414635,6,3,9,70,78,89.74358974358975,5,0,5,59,46,128.26086956521738,7,0,7,67,120,141,25,52,29,179.31034482758622,8,42,45,93.33333333333333,2,45,31,145.16129032258064,5,6,12,50.0,1,28,33,84.84848484848484,3,14,15,93.33333333333333,2,8,5
SD Hope,186,125,9,148.8,12,12,29.599999999999998,126,81,155.55555555555557,6,10,60,44,136.36363636363635,6,2,79,61,129.5081967213115,9,4,13,96,54,177.77777777777777,2,8,10,11,10,110.00000000000001,1,0,1,117,69,115,120,42,39,107.6923076923077,6,84,42,200.0,10,0,0,0.0,0,37,22,168.1818181818182,7,12,12,100.0,0,11,10,110.00000000000001,1,0,37
Mandeep Singh,183,165,14,110.9090909090909,16,5,33.939393939393945,86,77,111.68831168831169,4,3,97,88,110.22727272727273,12,2,74,81,91.35802469135803,8,1,9,86,69,124.63768115942028,5,3,8,23,15,153.33333333333334,3,1,4,85,98,174,27,35,38,92.10526315789474,3,49,36,136.11111111111111,4,2,3,66.66666666666666,0,39,43,90.69767441860465,6,37,33,112.12121212121211,4,21,12,175.0,4,14,0
SW Billings,179,143,8,125.17482517482517,9,10,31.46853146853147,52,46,113.04347826086956,3,2,127,97,130.9278350515464,6,8,13,12,108.33333333333333,2,0,2,123,106,116.03773584905662,4,7,11,43,25,172.0,3,3,6,104,75,126,94,0,0,0.0,0,30,33,90.9090909090909,2,22,13,169.23076923076923,3,13,12,108.33333333333333,2,93,73,127.3972602739726,9,21,12,175.0,3,0,11
Sameer Rizvi,178,126,9,141.26984126984127,15,9,30.158730158730158,59,51,115.68627450980394,2,3,119,75,158.66666666666666,13,6,9,11,81.81818181818183,2,0,2,100,83,120.48192771084338,7,4,11,69,32,215.625,6,5,11,117,61,102,103,0,0,0.0,0,40,41,97.5609756097561,2,19,10,190.0,3,9,11,81.81818181818183,2,60,42,142.85714285714286,9,50,22,227.27272727272728,8,5,0
Kuldeep Yadav,175,185,29,94.5945945945946,14,3,40.54054054054054,73,61,119.67213114754098,9,1,102,124,82.25806451612904,5,2,0,0,0.0,0,0,0,20,29,68.96551724137932,2,0,2,155,156,99.35897435897436,12,3,15,17,158,103,44,0,0,0.0,0,13,13,100.0,2,60,48,125.0,8,0,0,0.0,0,7,16,43.75,0,95,108,87.96296296296296,7,7,15
N Jagadeesan,175,155,10,112.90322580645163,21,2,35.483870967741936,97,93,104.3010752688172,11,1,78,62,125.80645161290323,10,1,72,64,112.5,10,1,11,89,75,118.66666666666667,11,1,12,14,16,87.5,0,0,0,34,141,75,97,44,40,110.00000000000001,7,39,37,105.40540540540539,5,14,16,87.5,0,28,24,116.66666666666667,4,50,38,131.57894736842107,7,0,0,0.0,0,15,9
HV Patel,172,167,26,102.9940119760479,13,6,33.532934131736525,79,86,91.86046511627907,5,1,93,81,114.81481481481481,8,5,0,0,0.0,0,0,0,44,58,75.86206896551724,3,2,5,128,109,117.43119266055047,10,4,14,47,125,80,45,0,0,0.0,0,30,32,93.75,3,49,54,90.74074074074075,3,0,0,0.0,0,14,26,53.84615384615385,2,79,55,143.63636363636363,11,11,12
SK Raina,168,133,11,126.3157894736842,13,9,36.09022556390977,109,86,126.74418604651163,6,8,59,47,125.53191489361701,7,1,19,19,100.0,4,0,4,113,86,131.3953488372093,5,8,13,36,28,128.57142857142858,4,1,5,108,60,119,134,19,19,100.0,4,90,67,134.32835820895522,10,0,0,0.0,0,0,0,0.0,0,23,19,121.05263157894737,3,36,28,128.57142857142858,5,7,5
K Rabada,164,133,23,123.30827067669172,11,7,28.57142857142857,77,60,128.33333333333334,6,3,87,73,119.17808219178083,5,4,0,0,0.0,0,0,0,5,13,38.46153846153847,0,0,0,159,120,132.5,11,7,18,30,134,64,38,0,0,0.0,0,2,8,25.0,0,75,52,144.23076923076923,9,0,0,0.0,0,3,5,60.0,0,84,68,123.52941176470588,9,3,2
M Jansen,158,136,20,116.1764705882353,8,6,22.794117647058822,120,102,117.64705882352942,4,6,38,34,111.76470588235294,4,0,0,0,0.0,0,0,0,34,32,106.25,2,1,3,124,104,119.23076923076923,6,5,11,48,110,109,94,0,0,0.0,0,30,25,120.0,3,90,77,116.88311688311688,7,0,0,0.0,0,4,7,57.14285714285714,0,34,27,125.92592592592592,4,3,0
JD Unadkat,153,116,15,131.89655172413794,10,6,28.448275862068968,47,37,127.02702702702702,3,2,106,79,134.17721518987344,7,4,0,0,0.0,0,0,0,10,16,62.5,1,0,1,143,100,143.0,9,6,15,31,122,74,60,0,0,0.0,0,2,8,25.0,0,45,29,155.17241379310346,5,0,0,0.0,0,8,8,100.0,1,98,71,138.0281690140845,10,3,12
B Kumar,153,167,30,91.61676646706587,14,0,32.93413173652694,38,53,71.69811320754717,2,0,115,114,100.87719298245614,12,0,0,0,0.0,0,0,0,32,42,76.19047619047619,4,0,4,121,125,96.8,10,0,10,8,145,54,34,0,0,0.0,0,8,15,53.333333333333336,1,30,38,78.94736842105263,1,0,0,0.0,0,24,27,88.88888888888889,3,91,87,104.59770114942528,9,1,0
V Nigam,148,82,8,180.4878048780488,16,8,24.390243902439025,32,26,123.07692307692308,2,2,116,56,207.14285714285717,14,6,21,8,262.5,3,1,4,54,34,158.8235294117647,5,3,8,73,40,182.5,8,4,12,41,107,108,96,0,0,0.0,0,18,17,105.88235294117648,2,14,9,155.55555555555557,2,21,8,262.5,4,36,17,211.76470588235296,6,59,31,190.3225806451613,10,1,0
SB Dubey,143,87,11,164.36781609195404,9,10,22.988505747126435,9,13,69.23076923076923,1,0,134,74,181.08108108108107,8,10,14,6,233.33333333333334,2,1,3,35,33,106.06060606060606,3,1,4,94,48,195.83333333333331,4,8,12,8,135,65,110,0,0,0.0,0,9,12,75.0,1,0,1,0.0,0,14,6,233.33333333333334,3,26,21,123.80952380952381,3,94,47,200.0,12,9,1
Anmolpreet Singh,141,117,9,120.51282051282051,19,3,37.60683760683761,82,69,118.84057971014492,11,1,59,48,122.91666666666667,8,2,118,93,126.88172043010752,17,3,20,23,24,95.83333333333334,2,0,2,0,0,0.0,0,0,0,39,102,115,83,59,45,131.11111111111111,10,23,24,95.83333333333334,2,0,0,0.0,0,59,48,122.91666666666667,10,0,0,0.0,0,0,0,0.0,0,0,14
SS Prabhudessai,137,113,10,121.23893805309736,11,4,31.858407079646017,41,46,89.13043478260869,2,1,96,67,143.28358208955223,9,3,9,13,69.23076923076923,1,0,1,101,77,131.1688311688312,9,2,11,27,23,117.3913043478261,1,2,3,24,113,65,111,9,13,69.23076923076923,1,32,31,103.2258064516129,2,0,2,0.0,0,0,0,0.0,0,69,46,150.0,9,27,21,128.57142857142858,3,3,0
KM Jadhav,136,133,11,102.25563909774435,10,2,29.32330827067669,32,29,110.34482758620689,2,1,104,104,100.0,8,1,1,2,50.0,0,0,0,101,94,107.4468085106383,8,1,9,34,37,91.8918918918919,2,1,3,10,126,64,48,0,0,0.0,0,8,11,72.72727272727273,1,24,18,133.33333333333331,2,1,2,50.0,0,93,83,112.04819277108433,8,10,19,52.63157894736842,1,5,6
Arshad Khan,128,90,10,142.22222222222223,5,9,28.888888888888886,41,33,124.24242424242425,2,1,87,57,152.63157894736844,3,8,0,0,0.0,0,0,0,40,31,129.03225806451613,2,3,5,88,59,149.15254237288136,3,6,9,0,128,43,79,0,0,0.0,0,9,11,81.81818181818183,0,32,22,145.45454545454547,3,0,0,0.0,0,31,20,155.0,5,56,37,151.35135135135135,6,0,16
MW Short,126,99,6,127.27272727272727,15,4,37.37373737373738,83,70,118.57142857142857,10,2,43,29,148.27586206896552,5,2,115,84,136.9047619047619,15,4,19,11,15,73.33333333333333,0,0,0,0,0,0.0,0,0,0,47,79,118,40,72,55,130.9090909090909,12,11,15,73.33333333333333,0,0,0,0.0,0,43,29,148.27586206896552,7,0,0,0.0,0,0,0,0.0,0,0,26
Aman Hakim Khan,126,109,10,115.59633027522935,8,6,35.77981651376147,69,57,121.05263157894737,5,4,57,52,109.61538461538463,3,2,4,5,80.0,1,0,1,56,60,93.33333333333333,2,3,5,66,44,150.0,5,3,8,56,70,69,5,4,5,80.0,1,25,29,86.20689655172413,2,40,23,173.91304347826087,6,0,0,0.0,0,31,31,100.0,3,26,21,123.80952380952381,2,0,0
RD Chahar,117,114,17,102.63157894736842,11,5,42.98245614035088,64,65,98.46153846153847,5,3,53,49,108.16326530612245,6,2,0,0,0.0,0,0,0,4,16,25.0,0,0,0,113,98,115.3061224489796,11,5,16,22,95,50,42,0,0,0.0,0,0,10,0.0,0,64,55,116.36363636363636,8,0,0,0.0,0,4,6,66.66666666666666,0,49,43,113.95348837209302,8,0,1
K Gowtham,114,73,10,156.16438356164383,5,7,19.17808219178082,19,10,190.0,1,2,95,63,150.79365079365078,4,5,1,2,50.0,0,0,0,46,29,158.6206896551724,2,3,5,67,42,159.52380952380955,3,4,7,38,76,60,43,0,0,0.0,0,0,0,0.0,0,19,10,190.0,3,1,2,50.0,0,46,29,158.6206896551724,5,48,32,150.0,4,7,0
Harpreet Singh,108,93,5,116.12903225806453,10,3,37.634408602150536,59,47,125.53191489361701,4,2,49,46,106.5217391304348,6,1,31,29,106.89655172413792,4,1,5,39,42,92.85714285714286,3,0,3,38,22,172.72727272727272,3,2,5,67,41,95,57,0,0,0.0,0,21,25,84.0,1,38,22,172.72727272727272,5,31,29,106.89655172413792,5,18,17,105.88235294117648,2,0,0,0.0,0,5,6
TK Curran,106,80,6,132.5,7,3,23.75,32,26,123.07692307692308,3,0,74,54,137.03703703703704,4,3,0,0,0.0,0,0,0,47,45,104.44444444444446,3,0,3,59,35,168.57142857142858,4,3,7,15,91,25,15,0,0,0.0,0,8,5,160.0,1,24,21,114.28571428571428,2,0,0,0.0,0,39,40,97.5,2,35,14,250.0,5,27,1
CH Morris,105,74,12,141.89189189189187,4,8,24.324324324324326,67,48,139.58333333333331,4,4,38,26,146.15384615384613,0,4,0,0,0.0,0,0,0,0,5,0.0,0,0,0,105,69,152.17391304347828,4,8,12,41,64,105,45,0,0,0.0,0,0,0,0.0,0,67,48,139.58333333333331,8,0,0,0.0,0,0,5,0.0,0,38,21,180.95238095238096,4,0,17
PN Mankad,104,75,5,138.66666666666669,13,2,33.33333333333333,31,21,147.61904761904762,5,0,73,54,135.1851851851852,8,2,50,38,131.57894736842107,8,0,8,36,26,138.46153846153845,3,1,4,18,11,163.63636363636365,2,1,3,101,3,101,97,31,20,155.0,5,0,1,0.0,0,0,0,0.0,0,19,18,105.55555555555556,3,36,25,144.0,4,18,11,163.63636363636365,3,0,0
PHKD Mendis,102,72,5,141.66666666666669,7,2,23.61111111111111,3,5,60.0,0,0,99,67,147.76119402985074,7,2,5,9,55.55555555555556,0,0,0,67,37,181.08108108108107,6,2,8,30,26,115.38461538461537,1,0,1,72,30,75,32,0,0,0.0,0,0,0,0.0,0,3,5,60.0,0,5,9,55.55555555555556,0,67,37,181.08108108108107,8,27,21,128.57142857142858,1,4,2
Azmatullah Omarzai,102,77,9,132.46753246753246,8,5,24.675324675324674,75,52,144.23076923076923,7,4,27,25,108.0,1,1,0,0,0.0,0,0,0,71,57,124.56140350877195,4,4,8,31,20,155.0,4,1,5,69,33,90,42,0,0,0.0,0,51,38,134.21052631578948,7,24,14,171.42857142857142,4,0,0,0.0,0,20,19,105.26315789473684,1,7,6,116.66666666666667,1,0,22
MJ Santner,90,86,17,104.65116279069768,6,3,32.55813953488372,30,36,83.33333333333334,2,0,60,50,120.0,4,3,27,27,100.0,3,0,3,17,19,89.47368421052632,1,0,1,46,40,114.99999999999999,2,3,5,25,65,56,33,0,0,0.0,0,13,14,92.85714285714286,1,17,22,77.27272727272727,1,27,27,100.0,3,4,5,80.0,0,29,18,161.11111111111111,4,4,0
UT Yadav,90,78,15,115.38461538461537,5,5,33.33333333333333,29,21,138.0952380952381,3,1,61,57,107.01754385964912,2,4,0,0,0.0,0,0,0,2,6,33.33333333333333,0,0,0,88,72,122.22222222222223,5,5,10,11,79,65,41,0,0,0.0,0,2,3,66.66666666666666,0,27,18,150.0,4,0,0,0.0,0,0,3,0.0,0,61,54,112.96296296296295,6,0,10
PWH de Silva,89,95,19,93.6842105263158,7,1,28.421052631578945,46,57,80.7017543859649,4,0,43,38,113.1578947368421,3,1,0,0,0.0,0,0,0,28,38,73.68421052631578,2,0,2,61,57,107.01754385964912,5,1,6,24,65,45,39,0,0,0.0,0,17,28,60.71428571428571,1,29,29,100.0,3,0,0,0.0,0,11,10,110.00000000000001,1,32,28,114.28571428571428,3,5,0
Mohammed Siraj,88,89,15,98.87640449438202,8,3,44.9438202247191,24,26,92.3076923076923,2,0,64,63,101.58730158730158,6,3,0,0,0.0,0,0,0,0,0,0.0,0,0,0,88,89,98.87640449438202,8,3,11,2,86,25,15,0,0,0.0,0,0,0,0.0,0,24,26,92.3076923076923,2,0,0,0.0,0,0,0,0.0,0,64,63,101.58730158730158,9,0,0
CJ Jordan,87,76,10,114.4736842105263,3,3,28.947368421052634,61,51,119.6078431372549,1,3,26,25,104.0,2,0,0,0,0.0,0,0,0,1,6,16.666666666666664,0,0,0,86,70,122.85714285714286,3,3,6,35,52,71,24,0,0,0.0,0,1,5,20.0,0,60,46,130.43478260869566,4,0,0,0.0,0,0,1,0.0,0,26,24,108.33333333333333,2,3,2
Mohammad Nabi,87,61,9,142.62295081967213,7,4,16.39344262295082,37,28,132.14285714285714,4,1,50,33,151.5151515151515,3,3,21,13,161.53846153846155,2,1,3,29,19,152.63157894736844,1,2,3,37,29,127.58620689655173,4,1,5,0,87,61,57,21,13,161.53846153846155,3,3,4,75.0,0,13,11,118.18181818181819,2,0,0,0.0,0,26,15,173.33333333333334,3,24,18,133.33333333333331,3,0,6
DJ Bravo,87,54,11,161.11111111111111,4,5,16.666666666666664,79,47,168.08510638297872,4,5,8,7,114.28571428571428,0,0,0,0,0.0,0,0,0,17,17,100.0,0,1,1,70,37,189.1891891891892,4,4,8,48,39,33,24,0,0,0.0,0,17,16,106.25,1,62,31,200.0,8,0,0,0.0,0,0,1,0.0,0,8,6,133.33333333333331,0,4,1
JR Philippe,86,80,5,107.5,9,1,37.5,86,77,111.68831168831169,9,1,0,3,0.0,0,0,54,57,94.73684210526315,6,1,7,31,21,147.61904761904762,3,0,3,1,2,50.0,0,0,0,1,85,86,0,54,54,100.0,7,31,21,147.61904761904762,3,1,2,50.0,0,0,3,0.0,0,0,0,0.0,0,0,0,0.0,0,5,0
RV Patel,84,76,7,110.5263157894737,6,2,28.947368421052634,38,29,131.0344827586207,3,1,46,47,97.87234042553192,3,1,0,0,0.0,0,0,0,30,32,93.75,2,1,3,54,44,122.72727272727273,4,1,5,47,37,67,11,0,0,0.0,0,2,3,66.66666666666666,0,36,26,138.46153846153845,4,0,0,0.0,0,28,29,96.55172413793103,3,18,18,100.0,1,0,0
TA Boult,79,72,20,109.72222222222223,5,2,29.166666666666668,74,57,129.82456140350877,5,2,5,15,33.33333333333333,0,0,0,0,0.0,0,0,0,8,6,133.33333333333331,1,0,1,71,66,107.57575757575756,4,2,6,26,53,54,25,0,0,0.0,0,8,6,133.33333333333331,1,66,51,129.41176470588235,6,0,0,0.0,0,0,0,0.0,0,5,15,33.33333333333333,0,0,4
M Vohra,79,63,6,125.39682539682539,7,4,39.682539682539684,17,20,85.0,2,0,62,43,144.1860465116279,5,4,79,63,125.39682539682539,7,4,11,0,0,0.0,0,0,0,0,0,0.0,0,0,0,10,69,55,45,17,20,85.0,2,0,0,0.0,0,0,0,0.0,0,62,43,144.1860465116279,9,0,0,0.0,0,0,0,0.0,0,0,13
SK Rasheed,76,67,5,113.43283582089552,9,2,41.7910447761194,33,35,94.28571428571428,2,1,43,32,134.375,7,1,74,64,115.625,9,2,11,2,3,66.66666666666666,0,0,0,0,0,0.0,0,0,0,29,47,76,47,31,32,96.875,3,2,3,66.66666666666666,0,0,0,0.0,0,43,32,134.375,8,0,0,0.0,0,0,0,0.0,0,0,13
LH Ferguson,75,48,7,156.25,7,2,18.75,49,33,148.4848484848485,5,1,26,15,173.33333333333334,2,1,0,0,0.0,0,0,0,0,0,0.0,0,0,0,75,48,156.25,7,2,9,0,75,50,1,0,0,0.0,0,0,0,0.0,0,49,33,148.4848484848485,6,0,0,0.0,0,0,0,0.0,0,26,15,173.33333333333334,3,0,1
Gurkeerat Singh,75,83,5,90.36144578313254,8,0,43.373493975903614,33,38,86.8421052631579,3,0,42,45,93.33333333333333,5,0,0,0,0.0,0,0,0,30,41,73.17073170731707,4,0,4,45,42,107.14285714285714,4,0,4,42,33,75,21,0,0,0.0,0,4,10,40.0,0,29,28,103.57142857142858,3,0,0,0.0,0,26,31,83.87096774193549,4,16,14,114.28571428571428,1,3,0
KA Jamieson,74,60,9,123.33333333333334,5,3,35.0,35,30,116.66666666666667,3,1,39,30,130.0,2,2,0,0,0.0,0,0,0,17,22,77.27272727272727,1,0,1,57,38,150.0,4,3,7,30,44,27,12,0,0,0.0,0,8,13,61.53846153846154,0,27,17,158.8235294117647,4,0,0,0.0,0,9,9,100.0,1,30,21,142.85714285714286,3,13,4
Vivrant Sharma,73,49,1,148.9795918367347,9,2,26.53061224489796,73,49,148.9795918367347,9,2,0,0,0.0,0,0,29,24,120.83333333333333,5,0,5,44,25,176.0,4,2,6,0,0,0.0,0,0,0,0,73,73,73,29,24,120.83333333333333,5,44,25,176.0,6,0,0,0.0,0,0,0,0.0,0,0,0,0.0,0,0,0,0.0,0,0,0
Urvil Patel,70,34,3,205.88235294117646,5,6,23.52941176470588,38,22,172.72727272727272,4,2,32,12,266.66666666666663,1,4,44,23,191.30434782608697,1,5,6,26,11,236.36363636363637,4,1,5,0,0,0.0,0,0,0,70,0,32,70,12,11,109.09090909090908,1,26,11,236.36363636363637,5,0,0,0.0,0,32,12,266.66666666666663,5,0,0,0.0,0,0,0,0.0,0,0,9
HR Shokeen,70,67,5,104.4776119402985,9,0,38.80597014925373,51,44,115.90909090909092,7,0,19,23,82.6086956521739,2,0,2,5,40.0,0,0,0,42,43,97.67441860465115,5,0,5,26,19,136.8421052631579,4,0,4,19,51,70,5,0,0,0.0,0,25,25,100.0,3,26,19,136.8421052631579,4,2,5,40.0,0,17,18,94.44444444444444,2,0,0,0.0,0,0,0
JG Bethell,67,39,2,171.7948717948718,9,3,30.76923076923077,55,33,166.66666666666669,8,2,12,6,200.0,1,1,54,29,186.20689655172413,7,3,10,13,10,130.0,2,0,2,0,0,0.0,0,0,0,67,0,67,55,42,23,182.6086956521739,8,13,10,130.0,2,0,0,0.0,0,12,6,200.0,2,0,0,0.0,0,0,0,0.0,0,0,10
GD Phillips,66,55,8,120.0,3,6,43.63636363636363,10,22,45.45454545454545,1,0,56,33,169.6969696969697,2,6,0,7,0.0,0,0,0,20,25,80.0,0,2,2,46,23,200.0,3,4,7,40,26,50,46,0,0,0.0,0,4,14,28.57142857142857,0,6,8,75.0,1,0,7,0.0,0,16,11,145.45454545454547,2,40,15,266.66666666666663,6,6,0
Harshit Rana,63,57,10,110.5263157894737,5,3,40.35087719298245,10,17,58.82352941176471,1,0,53,40,132.5,4,3,0,0,0.0,0,0,0,30,22,136.36363636363635,1,2,3,33,35,94.28571428571428,4,1,5,0,63,21,16,0,0,0.0,0,5,8,62.5,0,5,9,55.55555555555556,1,0,0,0.0,0,25,14,178.57142857142858,3,28,26,107.6923076923077,4,0,2
MG Bracewell,63,49,4,128.57142857142858,6,1,20.408163265306122,38,26,146.15384615384613,5,0,25,23,108.69565217391303,1,1,2,2,100.0,0,0,0,47,33,142.42424242424244,6,1,7,14,14,100.0,0,0,0,14,49,34,43,0,0,0.0,0,29,17,170.58823529411765,5,9,9,100.0,0,2,2,100.0,0,18,16,112.5,2,5,5,100.0,0,5,0
Avesh Khan,62,36,12,172.22222222222223,5,4,30.555555555555557,15,13,115.38461538461537,1,0,47,23,204.34782608695653,4,4,0,0,0.0,0,0,0,12,4,300.0,0,2,2,50,32,156.25,5,2,7,6,56,21,32,0,0,0.0,0,0,0,0.0,0,15,13,115.38461538461537,1,0,0,0.0,0,12,4,300.0,2,35,19,184.21052631578948,6,0,0
DJ Willey,61,64,5,95.3125,7,0,45.3125,4,2,200.0,1,0,57,62,91.93548387096774,6,0,11,12,91.66666666666666,1,0,1,25,30,83.33333333333334,3,0,3,25,22,113.63636363636364,3,0,3,29,32,29,16,0,0,0.0,0,0,0,0.0,0,4,2,200.0,1,11,12,91.66666666666666,1,25,30,83.33333333333334,3,21,20,105.0,2,7,0
PVD Chameera,59,46,10,128.26086956521738,3,3,23.91304347826087,19,13,146.15384615384613,0,2,40,33,121.21212121212122,3,1,0,0,0.0,0,0,0,1,1,100.0,0,0,0,58,45,128.88888888888889,3,3,6,18,41,31,16,0,0,0.0,0,0,0,0.0,0,19,13,146.15384615384613,2,0,0,0.0,0,1,1,100.0,0,39,32,121.875,4,3,1
OF Smith,58,50,6,115.99999999999999,1,5,40.0,32,41,78.04878048780488,0,2,26,9,288.88888888888886,1,3,0,0,0.0,0,0,0,5,10,50.0,0,0,0,53,40,132.5,1,5,6,32,26,53,32,0,0,0.0,0,5,9,55.55555555555556,0,27,32,84.375,2,0,0,0.0,0,0,1,0.0,0,26,8,325.0,4,3,0
R Dhawan,58,53,6,109.43396226415094,5,3,47.16981132075472,32,17,188.23529411764704,2,2,26,36,72.22222222222221,3,1,0,0,0.0,0,0,0,9,20,45.0,1,0,1,49,33,148.4848484848485,4,3,7,7,51,25,31,0,0,0.0,0,5,2,250.0,1,27,15,180.0,3,0,0,0.0,0,4,18,22.22222222222222,0,22,18,122.22222222222223,4,6,0
S Gopal,55,53,8,103.77358490566037,5,1,28.30188679245283,7,5,140.0,0,1,48,48,100.0,5,0,0,0,0.0,0,0,0,12,19,63.1578947368421,0,0,0,43,34,126.47058823529412,5,1,6,0,55,13,16,0,0,0.0,0,0,0,0.0,0,7,5,140.0,1,0,0,0.0,0,12,19,63.1578947368421,0,36,29,124.13793103448276,5,15,0
Shakib Al Hasan,53,50,6,106.0,3,1,18.0,4,6,66.66666666666666,0,0,49,44,111.36363636363636,3,1,0,0,0.0,0,0,0,36,29,124.13793103448276,2,1,3,17,21,80.95238095238095,1,0,1,13,40,26,4,0,0,0.0,0,0,0,0.0,0,4,6,66.66666666666666,0,0,0,0.0,0,36,29,124.13793103448276,3,13,15,86.66666666666667,1,0,7
A Nortje,52,51,13,101.96078431372548,6,0,33.33333333333333,17,14,121.42857142857142,2,0,35,37,94.5945945945946,4,0,0,0,0.0,0,0,0,0,0,0.0,0,0,0,52,51,101.96078431372548,6,0,6,5,47,17,5,0,0,0.0,0,0,0,0.0,0,17,14,121.42857142857142,2,0,0,0.0,0,0,0,0.0,0,35,37,94.5945945945946,4,1,0
DL Chahar,51,40,9,127.49999999999999,3,2,32.5,45,33,136.36363636363635,3,2,6,7,85.71428571428571,0,0,0,0,0.0,0,0,0,3,5,60.0,0,0,0,48,35,137.14285714285714,3,2,5,14,37,41,2,0,0,0.0,0,3,5,60.0,0,42,28,150.0,5,0,0,0.0,0,0,0,0.0,0,6,7,85.71428571428571,0,1,0
JDS Neesham,50,47,7,106.38297872340425,3,1,21.27659574468085,16,16,100.0,2,0,34,31,109.6774193548387,1,1,0,0,0.0,0,0,0,21,21,100.0,1,0,1,29,26,111.53846153846155,2,1,3,24,26,12,14,0,0,0.0,0,7,8,87.5,1,9,8,112.5,1,0,0,0.0,0,14,13,107.6923076923077,0,20,18,111.11111111111111,2,1,0
CA Lynn,50,36,1,138.88888888888889,4,3,33.33333333333333,50,36,138.88888888888889,4,3,0,0,0.0,0,0,13,14,92.85714285714286,1,1,2,37,22,168.1818181818182,3,2,5,0,0,0.0,0,0,0,0,50,50,0,13,14,92.85714285714286,2,37,22,168.1818181818182,5,0,0,0.0,0,0,0,0.0,0,0,0,0.0,0,0,0,0.0,0,0,0
T Kohler-Cadmore,49,54,3,90.74074074074075,7,1,53.70370370370371,18,23,78.26086956521739,2,1,31,31,100.0,5,0,48,51,94.11764705882352,7,1,8,1,3,33.33333333333333,0,0,0,0,0,0.0,0,0,0,21,28,39,21,17,20,85.0,3,1,3,33.33333333333333,0,0,0,0.0,0,31,31,100.0,5,0,0,0.0,0,0,0,0.0,0,0,0
DR Sams,48,48,13,100.0,1,3,25.0,16,10,160.0,1,1,32,38,84.21052631578947,0,2,2,7,28.57142857142857,0,0,0,17,15,113.33333333333333,0,1,1,29,26,111.53846153846155,1,2,3,11,37,40,27,0,0,0.0,0,0,0,0.0,0,16,10,160.0,2,2,7,28.57142857142857,0,17,15,113.33333333333333,1,13,16,81.25,1,0,0
Ravi Bishnoi,48,68,16,70.58823529411765,2,2,47.05882352941176,8,12,66.66666666666666,0,0,40,56,71.42857142857143,2,2,0,0,0.0,0,0,0,10,18,55.55555555555556,0,0,0,38,50,76.0,2,2,4,6,42,11,12,0,0,0.0,0,0,0,0.0,0,8,12,66.66666666666666,0,0,0,0.0,0,10,18,55.55555555555556,0,30,38,78.94736842105263,4,7,1
C Bosch,47,32,2,146.875,3,3,34.375,47,32,146.875,3,3,0,0,0.0,0,0,0,0,0.0,0,0,0,2,5,40.0,0,0,0,45,27,166.66666666666669,3,3,6,47,0,27,20,0,0,0.0,0,2,5,40.0,0,45,27,166.66666666666669,6,0,0,0.0,0,0,0,0.0,0,0,0,0.0,0,0,3
D Pretorius,44,28,5,157.14285714285714,3,3,21.428571428571427,0,1,0.0,0,0,44,27,162.96296296296296,3,3,0,0,0.0,0,0,0,0,0,0.0,0,0,0,44,28,157.14285714285714,3,3,6,22,22,36,1,0,0,0.0,0,0,0,0.0,0,0,1,0.0,0,0,0,0.0,0,0,0,0.0,0,44,27,162.96296296296296,6,12,0
PP Chawla,43,39,11,110.25641025641026,2,2,20.51282051282051,12,17,70.58823529411765,0,0,31,22,140.9090909090909,2,2,0,0,0.0,0,0,0,11,11,100.0,1,0,1,32,28,114.28571428571428,1,2,3,0,43,23,13,0,0,0.0,0,3,6,50.0,0,9,11,81.81818181818183,0,0,0,0.0,0,8,5,160.0,1,23,17,135.29411764705884,3,0,7
Swapnil Singh,41,26,6,157.69230769230768,3,3,26.923076923076923,23,13,176.9230769230769,1,2,18,13,138.46153846153845,2,1,0,0,0.0,0,0,0,16,9,177.77777777777777,2,1,3,25,17,147.05882352941177,1,2,3,30,11,25,25,0,0,0.0,0,0,0,0.0,0,23,13,176.9230769230769,3,0,0,0.0,0,16,9,177.77777777777777,3,2,4,50.0,0,0,1
Shivam Mavi,41,43,8,95.34883720930233,3,2,37.2093023255814,5,8,62.5,1,0,36,35,102.85714285714285,2,2,0,0,0.0,0,0,0,4,6,66.66666666666666,0,0,0,37,37,100.0,3,2,5,0,41,7,2,0,0,0.0,0,0,0,0.0,0,5,8,62.5,1,0,0,0.0,0,4,6,66.66666666666666,0,32,29,110.34482758620689,4,0,0
Vishnu Vinod,40,32,3,125.0,2,2,21.875,30,20,150.0,2,2,10,12,83.33333333333334,0,0,0,0,0.0,0,0,0,35,26,134.6153846153846,2,2,4,5,6,83.33333333333334,0,0,0,30,10,4,40,0,0,0.0,0,29,18,161.11111111111111,4,1,2,50.0,0,0,0,0.0,0,6,8,75.0,0,4,4,100.0,0,0,0
Arshdeep Singh,38,48,13,79.16666666666666,4,0,50.0,26,28,92.85714285714286,3,0,12,20,60.0,1,0,0,0,0.0,0,0,0,4,3,133.33333333333331,1,0,1,34,45,75.55555555555556,3,0,3,1,37,25,18,0,0,0.0,0,4,3,133.33333333333331,1,22,25,88.0,2,0,0,0.0,0,0,0,0.0,0,12,20,60.0,1,0,0
KV Sharma,37,22,6,168.1818181818182,2,3,13.636363636363635,15,11,136.36363636363635,2,0,22,11,200.0,0,3,0,0,0.0,0,0,0,1,3,33.33333333333333,0,0,0,36,19,189.4736842105263,2,3,5,10,27,27,33,0,0,0.0,0,0,0,0.0,0,15,11,136.36363636363635,2,0,0,0.0,0,1,3,33.33333333333333,0,21,8,262.5,3,0,20
Rasikh Salam,36,36,5,100.0,5,0,36.11111111111111,18,13,138.46153846153845,3,0,18,23,78.26086956521739,2,0,0,0,0.0,0,0,0,11,15,73.33333333333333,1,0,1,25,21,119.04761904761905,4,0,4,9,27,9,16,0,0,0.0,0,1,2,50.0,0,17,11,154.54545454545453,3,0,0,0.0,0,10,13,76.92307692307693,1,8,10,80.0,1,1,1
MC Henriques,35,32,4,109.375,0,1,25.0,20,20,100.0,0,0,15,12,125.0,0,1,0,0,0.0,0,0,0,23,23,100.0,0,0,0,12,9,133.33333333333331,0,1,1,3,32,35,0,0,0,0.0,0,20,20,100.0,0,0,0,0.0,0,0,0,0.0,0,3,3,100.0,0,12,9,133.33333333333331,1,1,0
J Yadav,34,26,2,130.76923076923077,2,1,23.076923076923077,34,26,130.76923076923077,2,1,0,0,0.0,0,0,0,0,0.0,0,0,0,9,9,100.0,1,0,1,25,17,147.05882352941177,1,1,2,0,34,34,0,0,0,0.0,0,9,9,100.0,1,25,17,147.05882352941177,2,0,0,0.0,0,0,0,0.0,0,0,0,0.0,0,0,0
AT Carey,34,29,3,117.24137931034481,0,1,13.793103448275861,30,22,136.36363636363635,0,1,4,7,57.14285714285714,0,0,0,0,0.0,0,0,0,0,0,0.0,0,0,0,34,29,117.24137931034481,0,1,1,20,14,34,4,0,0,0.0,0,0,0,0.0,0,30,22,136.36363636363635,1,0,0,0.0,0,0,0,0.0,0,4,7,57.14285714285714,0,10,0
TU Deshpande,34,24,8,141.66666666666669,2,1,12.5,8,7,114.28571428571428,0,0,26,17,152.94117647058823,2,1,0,0,0.0,0,0,0,0,0,0.0,0,0,0,34,24,141.66666666666669,2,1,3,6,28,8,6,0,0,0.0,0,0,0,0.0,0,8,7,114.28571428571428,0,0,0,0.0,0,0,0,0.0,0,26,17,152.94117647058823,3,0,2
M Vijay,34,44,3,77.27272727272727,4,0,45.45454545454545,0,0,0.0,0,0,34,44,77.27272727272727,4,0,32,40,80.0,4,0,4,2,4,50.0,0,0,0,0,0,0.0,0,0,0,2,32,2,22,0,0,0.0,0,0,0,0.0,0,0,0,0.0,0,32,40,80.0,4,2,4,50.0,0,0,0,0.0,0,0,1
JJ Bumrah,34,42,17,80.95238095238095,3,0,40.476190476190474,25,22,113.63636363636364,2,0,9,20,45.0,1,0,0,0,0.0,0,0,0,0,0,0.0,0,0,0,34,42,80.95238095238095,3,0,3,5,29,22,8,0,0,0.0,0,0,0,0.0,0,25,22,113.63636363636364,2,0,0,0.0,0,0,0,0.0,0,9,20,45.0,1,0,2
Mohammed Shami,34,39,11,87.17948717948718,2,0,30.76923076923077,21,24,87.5,1,0,13,15,86.66666666666667,1,0,0,0,0.0,0,0,0,0,1,0.0,0,0,0,34,38,89.47368421052632,2,0,2,0,34,21,1,0,0,0.0,0,0,0,0.0,0,21,24,87.5,1,0,0,0.0,0,0,1,0.0,0,13,14,92.85714285714286,1,1,1
G Coetzee,34,33,7,103.03030303030303,2,2,30.303030303030305,7,12,58.333333333333336,0,0,27,21,128.57142857142858,2,2,0,0,0.0,0,0,0,8,9,88.88888888888889,1,0,1,26,24,108.33333333333333,1,2,3,0,34,21,0,0,0,0.0,0,3,4,75.0,0,4,8,50.0,0,0,0,0.0,0,5,5,100.0,1,22,16,137.5,3,0,7
TL Seifert,31,26,3,119.23076923076923,4,0,30.76923076923077,5,5,100.0,0,0,26,21,123.80952380952381,4,0,26,21,123.80952380952381,4,0,4,0,0,0.0,0,0,0,5,5,100.0,0,0,0,23,8,31,23,0,0,0.0,0,0,0,0.0,0,5,5,100.0,0,26,21,123.80952380952381,4,0,0,0.0,0,0,0,0.0,0,9,0
Sandeep Sharma,31,35,10,88.57142857142857,2,0,28.57142857142857,4,7,57.14285714285714,0,0,27,28,96.42857142857143,2,0,0,0,0.0,0,0,0,0,1,0.0,0,0,0,31,34,91.17647058823529,2,0,2,0,31,13,2,0,0,0.0,0,0,0,0.0,0,4,7,57.14285714285714,0,0,0,0.0,0,0,1,0.0,0,27,27,100.0,2,0,8
M Ashwin,31,42,7,73.80952380952381,2,1,42.857142857142854,19,28,67.85714285714286,1,0,12,14,85.71428571428571,1,1,0,0,0.0,0,0,0,4,11,36.36363636363637,0,0,0,27,31,87.09677419354838,2,1,3,4,27,19,6,0,0,0.0,0,4,9,44.44444444444444,0,15,19,78.94736842105263,1,0,0,0.0,0,0,2,0.0,0,12,12,100.0,2,0,0
NM Coulter-Nile,31,22,5,140.9090909090909,4,0,18.181818181818183,31,22,140.9090909090909,4,0,0,0,0.0,0,0,0,0,0.0,0,0,0,0,0,0.0,0,0,0,31,22,140.9090909090909,4,0,4,5,26,26,29,0,0,0.0,0,0,0,0.0,0,31,22,140.9090909090909,4,0,0,0.0,0,0,0,0.0,0,0,0,0.0,0,0,0
CV Varun,31,50,11,62.0,2,0,52.0,19,30,63.33333333333333,2,0,12,20,60.0,0,0,0,0,0.0,0,0,0,0,3,0.0,0,0,0,31,47,65.95744680851064,2,0,2,2,29,20,3,0,0,0.0,0,0,3,0.0,0,19,27,70.37037037037037,2,0,0,0.0,0,0,0,0.0,0,12,20,60.0,0,0,1
NA Saini,30,32,4,93.75,3,0,34.375,9,8,112.5,1,0,21,24,87.5,2,0,0,0,0.0,0,0,0,4,7,57.14285714285714,0,0,0,26,25,104.0,3,0,3,0,30,9,0,0,0,0.0,0,0,0,0.0,0,9,8,112.5,1,0,0,0.0,0,4,7,57.14285714285714,0,17,17,100.0,2,1,0
Mohsin Khan,28,27,5,103.7037037037037,2,1,37.03703703703704,15,7,214.28571428571428,1,1,13,20,65.0,1,0,0,0,0.0,0,0,0,1,3,33.33333333333333,0,0,0,27,24,112.5,2,1,3,15,13,0,2,0,0,0.0,0,0,0,0.0,0,15,7,214.28571428571428,2,0,0,0.0,0,1,3,33.33333333333333,0,12,17,70.58823529411765,1,0,0
AS Roy,27,25,7,108.0,3,0,24.0,23,18,127.77777777777777,2,0,4,7,57.14285714285714,1,0,4,5,80.0,1,0,1,0,3,0.0,0,0,0,23,17,135.29411764705884,2,0,2,13,14,23,13,0,0,0.0,0,0,1,0.0,0,23,17,135.29411764705884,2,4,5,80.0,1,0,2,0.0,0,0,0,0.0,0,0,0
DJ Malan,27,26,1,103.84615384615385,1,1,30.76923076923077,27,26,103.84615384615385,1,1,0,0,0.0,0,0,1,2,50.0,0,0,0,26,24,108.33333333333333,1,1,2,0,0,0.0,0,0,0,0,27,27,0,1,2,50.0,0,26,24,108.33333333333333,2,0,0,0.0,0,0,0,0.0,0,0,0,0.0,0,0,0,0.0,0,0,0
Sanvir Singh,27,22,5,122.72727272727273,2,1,22.727272727272727,14,12,116.66666666666667,1,0,13,10,130.0,1,1,7,5,140.0,0,1,1,0,2,0.0,0,0,0,20,15,133.33333333333331,2,0,2,6,21,20,20,0,0,0.0,0,0,1,0.0,0,14,11,127.27272727272727,1,7,5,140.0,1,0,1,0.0,0,6,4,150.0,1,2,0
MD Shanaka,26,26,3,100.0,2,1,38.46153846153847,9,7,128.57142857142858,1,0,17,19,89.47368421052632,1,1,0,1,0.0,0,0,0,17,16,106.25,1,1,2,9,9,100.0,1,0,1,9,17,0,9,0,0,0.0,0,0,0,0.0,0,9,7,128.57142857142858,1,0,1,0.0,0,17,16,106.25,2,0,2,0.0,0,0,0
HE van der Dussen,25,25,3,100.0,2,0,28.000000000000004,17,14,121.42857142857142,2,0,8,11,72.72727272727273,0,0,0,0,0.0,0,0,0,12,15,80.0,1,0,1,13,10,130.0,1,0,1,4,21,17,0,0,0,0.0,0,4,4,100.0,1,13,10,130.0,1,0,0,0.0,0,8,11,72.72727272727273,0,0,0,0.0,0,0,0
Tanush Kotian,25,32,1,78.125,3,0,50.0,0,0,0.0,0,0,25,32,78.125,3,0,19,21,90.47619047619048,3,0,3,6,11,54.54545454545454,0,0,0,0,0,0.0,0,0,0,25,0,25,0,0,0,0.0,0,0,0,0.0,0,0,0,0.0,0,19,21,90.47619047619048,3,6,11,54.54545454545454,0,0,0,0.0,0,0,0
Akash Deep,25,14,5,178.57142857142858,2,2,14.285714285714285,8,4,200.0,0,1,17,10,170.0,2,1,0,0,0.0,0,0,0,5,2,250.0,1,0,1,20,12,166.66666666666669,1,2,3,0,25,8,8,0,0,0.0,0,0,0,0.0,0,8,4,200.0,1,0,0,0.0,0,5,2,250.0,1,12,8,150.0,2,5,6
M Theekshana,25,34,6,73.52941176470588,0,1,50.0,3,8,37.5,0,0,22,26,84.61538461538461,0,1,0,0,0.0,0,0,0,6,12,50.0,0,0,0,19,22,86.36363636363636,0,1,1,2,23,14,2,0,0,0.0,0,0,3,0.0,0,3,5,60.0,0,0,0,0.0,0,6,9,66.66666666666666,0,16,17,94.11764705882352,1,5,1
Umran Malik,25,16,5,156.25,1,2,37.5,1,1,100.0,0,0,24,15,160.0,1,2,0,0,0.0,0,0,0,0,0,0.0,0,0,0,25,16,156.25,1,2,3,0,25,2,0,0,0,0.0,0,0,0,0.0,0,1,1,100.0,0,0,0,0.0,0,0,0,0.0,0,24,15,160.0,3,0,0
AU Rashid,24,17,2,141.1764705882353,2,1,29.411764705882355,4,3,133.33333333333331,1,0,20,14,142.85714285714286,1,1,0,0,0.0,0,0,0,20,14,142.85714285714286,1,1,2,4,3,133.33333333333331,1,0,1,0,24,4,0,0,0,0.0,0,0,0,0.0,0,4,3,133.33333333333331,1,0,0,0.0,0,20,14,142.85714285714286,2,0,0,0.0,0,0,0
AJ Turner,24,20,2,120.0,0,2,20.0,0,0,0.0,0,0,24,20,120.0,0,2,0,0,0.0,0,0,0,20,12,166.66666666666669,0,2,2,4,8,50.0,0,0,0,5,19,5,0,0,0,0.0,0,0,0,0.0,0,0,0,0.0,0,0,0,0.0,0,20,12,166.66666666666669,2,4,8,50.0,0,3,0
Sediqullah Atal,24,16,1,150.0,0,2,25.0,0,0,0.0,0,0,24,16,150.0,0,2,0,0,0.0,0,0,0,24,16,150.0,0,2,2,0,0,0.0,0,0,0,24,0,24,24,0,0,0.0,0,0,0,0.0,0,0,0,0.0,0,0,0,0.0,0,24,16,150.0,2,0,0,0.0,0,0,0
P Dubey,24,33,2,72.72727272727273,2,0,45.45454545454545,8,13,61.53846153846154,0,0,16,20,80.0,2,0,0,0,0.0,0,0,0,13,16,81.25,2,0,2,11,17,64.70588235294117,0,0,0,0,24,8,0,0,0,0.0,0,0,0,0.0,0,8,13,61.53846153846154,0,0,0,0.0,0,13,16,81.25,2,3,4,75.0,0,1,0
Sumit Kumar,23,26,3,88.46153846153845,2,1,46.15384615384615,4,10,40.0,0,0,19,16,118.75,2,1,0,2,0.0,0,0,0,19,13,146.15384615384613,2,1,3,4,11,36.36363636363637,0,0,0,10,13,14,4,0,0,0.0,0,0,0,0.0,0,4,10,40.0,0,0,2,0.0,0,19,13,146.15384615384613,3,0,1,0.0,0,6,0
M Markande,23,14,3,164.28571428571428,2,1,21.428571428571427,0,0,0.0,0,0,23,14,164.28571428571428,2,1,0,0,0.0,0,0,0,0,0,0.0,0,0,0,23,14,164.28571428571428,2,1,3,0,23,5,4,0,0,0.0,0,0,0,0.0,0,0,0,0.0,0,0,0,0.0,0,0,0,0.0,0,23,14,164.28571428571428,3,0,0
SP Jackson,23,26,5,88.46153846153845,0,1,23.076923076923077,12,15,80.0,0,1,11,11,100.0,0,0,0,0,0.0,0,0,0,8,9,88.88888888888889,0,1,1,15,17,88.23529411764706,0,0,0,8,15,18,15,0,0,0.0,0,8,9,88.88888888888889,1,4,6,66.66666666666666,0,0,0,0.0,0,0,0,0.0,0,11,11,100.0,0,1,0
Naveen-ul-Haq,23,26,4,88.46153846153845,2,0,34.61538461538461,3,3,100.0,0,0,20,23,86.95652173913044,2,0,0,0,0.0,0,0,0,1,5,20.0,0,0,0,22,21,104.76190476190477,2,0,2,3,20,3,5,0,0,0.0,0,0,0,0.0,0,3,3,100.0,0,0,0,0.0,0,1,5,20.0,0,19,18,105.55555555555556,2,0,0
KL Nagarkoti,23,34,7,67.64705882352942,1,0,35.294117647058826,16,22,72.72727272727273,1,0,7,12,58.333333333333336,0,0,0,0,0.0,0,0,0,6,13,46.15384615384615,0,0,0,17,21,80.95238095238095,1,0,1,10,13,7,12,0,0,0.0,0,6,13,46.15384615384615,0,10,9,111.11111111111111,1,0,0,0.0,0,0,0,0.0,0,7,12,58.333333333333336,0,0,8
B Indrajith,22,31,3,70.96774193548387,2,0,45.16129032258064,6,8,75.0,0,0,16,23,69.56521739130434,2,0,20,28,71.42857142857143,2,0,2,2,3,66.66666666666666,0,0,0,0,0,0.0,0,0,0,16,6,22,0,4,5,80.0,0,2,3,66.66666666666666,0,0,0,0.0,0,16,23,69.56521739130434,2,0,0,0.0,0,0,0,0.0,0,0,0
R Sai Kishore,22,16,4,137.5,0,2,25.0,1,1,100.0,0,0,21,15,140.0,0,2,0,0,0.0,0,0,0,0,0,0.0,0,0,0,22,16,137.5,0,2,2,1,21,17,19,0,0,0.0,0,0,0,0.0,0,1,1,100.0,0,0,0,0.0,0,0,0,0.0,0,21,15,140.0,2,0,13
Yudhvir Singh,22,16,4,137.5,1,2,31.25,1,2,50.0,0,0,21,14,150.0,1,2,0,0,0.0,0,0,0,2,4,50.0,0,0,0,20,12,166.66666666666669,1,2,3,1,21,1,14,0,0,0.0,0,0,0,0.0,0,1,2,50.0,0,0,0,0.0,0,2,4,50.0,0,19,10,190.0,3,0,13
C Sakariya,22,31,7,70.96774193548387,3,0,45.16129032258064,16,20,80.0,2,0,6,11,54.54545454545454,1,0,0,0,0.0,0,0,0,1,4,25.0,0,0,0,21,27,77.77777777777779,3,0,3,7,15,16,7,0,0,0.0,0,0,0,0.0,0,16,20,80.0,2,0,0,0.0,0,1,4,25.0,0,5,7,71.42857142857143,1,4,0
D Wiese,22,11,3,200.0,0,3,27.27272727272727,21,9,233.33333333333334,0,3,1,2,50.0,0,0,0,0,0.0,0,0,0,0,0,0.0,0,0,0,22,11,200.0,0,3,3,13,9,8,22,0,0,0.0,0,0,0,0.0,0,21,9,233.33333333333334,3,0,0,0.0,0,0,0,0.0,0,1,2,50.0,0,0,0
BKG Mendis,21,11,1,190.9090909090909,1,2,27.27272727272727,0,0,0.0,0,0,21,11,190.9090909090909,1,2,21,10,210.0,1,2,3,0,1,0.0,0,0,0,0,0,0.0,0,0,0,0,21,0,21,0,0,0.0,0,0,0,0.0,0,0,0,0.0,0,21,10,210.0,3,0,1,0.0,0,0,0,0.0,0,0,0
T Banton,20,22,2,90.9090909090909,1,1,40.909090909090914,10,8,125.0,1,1,10,14,71.42857142857143,0,0,20,22,90.9090909090909,1,1,2,0,0,0.0,0,0,0,0,0,0.0,0,0,0,0,20,10,0,10,8,125.0,2,0,0,0.0,0,0,0,0.0,0,10,14,71.42857142857143,0,0,0,0.0,0,0,0,0.0,0,0,0
JR Hazlewood,20,30,7,66.66666666666666,1,0,46.666666666666664,5,16,31.25,0,0,15,14,107.14285714285714,1,0,0,0,0.0,0,0,0,2,11,18.181818181818183,0,0,0,18,19,94.73684210526315,1,0,1,1,19,4,8,0,0,0.0,0,2,11,18.181818181818183,0,3,5,60.0,0,0,0,0.0,0,0,0,0.0,0,15,14,107.14285714285714,1,0,0
Noor Ahmad,20,35,11,57.14285714285714,2,0,42.857142857142854,6,21,28.57142857142857,0,0,14,14,100.0,2,0,0,0,0.0,0,0,0,1,3,33.33333333333333,0,0,0,19,32,59.375,2,0,2,2,18,8,5,0,0,0.0,0,0,0,0.0,0,6,21,28.57142857142857,0,0,0,0.0,0,1,3,33.33333333333333,0,13,11,118.18181818181819,2,1,0
YS Chahal,20,40,5,50.0,0,0,52.5,3,6,50.0,0,0,17,34,50.0,0,0,0,0,0.0,0,0,0,0,9,0.0,0,0,0,20,31,64.51612903225806,0,0,0,0,20,3,0,0,0,0.0,0,0,0,0.0,0,3,6,50.0,0,0,0,0.0,0,0,9,0.0,0,17,25,68.0,0,0,0
NT Ellis,20,26,5,76.92307692307693,0,1,34.61538461538461,19,24,79.16666666666666,0,1,1,2,50.0,0,0,0,0,0.0,0,0,0,0,7,0.0,0,0,0,20,19,105.26315789473684,0,1,1,13,7,19,0,0,0,0.0,0,0,7,0.0,0,19,17,111.76470588235294,1,0,0,0.0,0,0,0,0.0,0,1,2,50.0,0,0,0
A Mishra,19,30,1,63.33333333333333,2,0,53.333333333333336,0,0,0.0,0,0,19,30,63.33333333333333,2,0,0,0,0.0,0,0,0,6,13,46.15384615384615,0,0,0,13,17,76.47058823529412,2,0,2,0,19,0,0,0,0,0.0,0,0,0,0.0,0,0,0,0.0,0,0,0,0.0,0,6,13,46.15384615384615,0,13,17,76.47058823529412,2,0,0
Saurav Chauhan,19,16,3,118.75,1,1,18.75,19,15,126.66666666666666,1,1,0,1,0.0,0,0,0,0,0.0,0,0,0,1,2,50.0,0,0,0,18,14,128.57142857142858,1,1,2,0,19,19,19,0,0,0.0,0,1,1,100.0,0,18,14,128.57142857142858,2,0,0,0.0,0,0,1,0.0,0,0,0,0.0,0,3,7
RA Bawa,19,18,3,105.55555555555556,1,0,27.77777777777778,19,17,111.76470588235294,1,0,0,1,0.0,0,0,0,1,0.0,0,0,0,11,13,84.61538461538461,1,0,1,8,4,200.0,0,0,0,0,19,19,8,0,1,0.0,0,11,12,91.66666666666666,1,8,4,200.0,0,0,0,0.0,0,0,1,0.0,0,0,0,0.0,0,8,0
Gulbadin Naib,19,15,1,126.66666666666666,1,1,20.0,19,15,126.66666666666666,1,1,0,0,0.0,0,0,0,0,0.0,0,0,0,4,5,80.0,0,0,0,15,10,150.0,1,1,2,19,0,0,19,0,0,0.0,0,4,5,80.0,0,15,10,150.0,2,0,0,0.0,0,0,0,0.0,0,0,0,0.0,0,0,0
J Suchith,19,14,3,135.71428571428572,2,1,28.57142857142857,0,1,0.0,0,0,19,13,146.15384615384613,2,1,0,0,0.0,0,0,0,3,7,42.857142857142854,0,0,0,16,7,228.57142857142856,2,1,3,16,3,16,0,0,0,0.0,0,0,0,0.0,0,0,1,0.0,0,0,0,0.0,0,3,7,42.857142857142854,0,16,6,266.66666666666663,3,0,0
MP Breetzke,18,12,1,150.0,1,1,41.66666666666667,18,12,150.0,1,1,0,0,0.0,0,0,18,12,150.0,1,1,2,0,0,0.0,0,0,0,0,0,0.0,0,0,0,0,18,18,18,18,12,150.0,2,0,0,0.0,0,0,0,0.0,0,0,0,0.0,0,0,0,0.0,0,0,0,0.0,0,0,0
JA Richardson,18,27,3,66.66666666666666,2,0,48.148148148148145,16,25,64.0,2,0,2,2,100.0,0,0,0,0,0.0,0,0,0,16,23,69.56521739130434,2,0,2,2,4,50.0,0,0,0,0,18,16,2,0,0,0.0,0,16,23,69.56521739130434,2,0,2,0.0,0,0,0,0.0,0,0,0,0.0,0,2,2,100.0,0,0,2
AF Milne,18,19,3,94.73684210526315,0,1,26.31578947368421,1,1,100.0,0,0,17,18,94.44444444444444,0,1,0,0,0.0,0,0,0,1,1,100.0,0,0,0,17,18,94.44444444444444,0,1,1,0,18,1,0,0,0,0.0,0,0,0,0.0,0,1,1,100.0,0,0,0,0.0,0,1,1,100.0,0,16,17,94.11764705882352,1,0,0
A Kamboj,17,15,6,113.33333333333333,2,0,26.666666666666668,11,12,91.66666666666666,1,0,6,3,200.0,1,0,0,0,0.0,0,0,0,0,0,0.0,0,0,0,17,15,113.33333333333333,2,0,2,4,13,15,9,0,0,0.0,0,0,0,0.0,0,11,12,91.66666666666666,1,0,0,0.0,0,0,0,0.0,0,6,3,200.0,1,0,0
AJ Hosein,17,11,1,154.54545454545453,1,1,27.27272727272727,17,11,154.54545454545453,1,1,0,0,0.0,0,0,0,0,0.0,0,0,0,0,0,0.0,0,0,0,17,11,154.54545454545453,1,1,2,17,0,17,17,0,0,0.0,0,0,0,0.0,0,17,11,154.54545454545453,2,0,0,0.0,0,0,0,0.0,0,0,0,0.0,0,0,0
Vijaykumar Vyshak,16,13,4,123.07692307692308,0,1,15.384615384615385,0,2,0.0,0,0,16,11,145.45454545454547,0,1,0,0,0.0,0,0,0,0,0,0.0,0,0,0,16,13,123.07692307692308,0,1,1,0,16,0,16,0,0,0.0,0,0,0,0.0,0,0,2,0.0,0,0,0,0.0,0,0,0,0.0,0,16,11,145.45454545454547,1,0,0
Virat Singh,16,26,2,61.53846153846154,1,0,38.46153846153847,0,0,0.0,0,0,16,26,61.53846153846154,1,0,0,2,0.0,0,0,0,16,24,66.66666666666666,1,0,1,0,0,0.0,0,0,0,5,11,16,0,0,0,0.0,0,0,0,0.0,0,0,0,0.0,0,0,2,0.0,0,16,24,66.66666666666666,1,0,0,0.0,0,0,0
YV Dhull,16,23,3,69.56521739130434,1,0,30.434782608695656,2,4,50.0,0,0,14,19,73.68421052631578,1,0,2,9,22.22222222222222,0,0,0,14,14,100.0,1,0,1,0,0,0.0,0,0,0,0,16,2,2,0,0,0.0,0,2,4,50.0,0,0,0,0.0,0,2,9,22.22222222222222,0,12,10,120.0,1,0,0,0.0,0,0,0
MA Starc,16,22,10,72.72727272727273,1,0,22.727272727272727,12,14,85.71428571428571,1,0,4,8,50.0,0,0,0,0,0.0,0,0,0,0,0,0.0,0,0,0,16,22,72.72727272727273,1,0,1,11,5,12,13,0,0,0.0,0,0,0,0.0,0,12,14,85.71428571428571,1,0,0,0.0,0,0,0,0.0,0,4,8,50.0,0,2,0
K Kartikeya,16,18,4,88.88888888888889,1,0,27.77777777777778,1,1,100.0,0,0,15,17,88.23529411764706,1,0,0,0,0.0,0,0,0,4,4,100.0,0,0,0,12,14,85.71428571428571,1,0,1,1,15,1,8,0,0,0.0,0,0,0,0.0,0,1,1,100.0,0,0,0,0.0,0,4,4,100.0,0,11,13,84.61538461538461,1,0,0
J Overton,16,7,2,228.57142857142856,1,1,14.285714285714285,5,3,166.66666666666669,1,0,11,4,275.0,0,1,0,0,0.0,0,0,0,0,0,0.0,0,0,0,16,7,228.57142857142856,1,1,2,0,16,16,16,0,0,0.0,0,0,0,0.0,0,5,3,166.66666666666669,1,0,0,0.0,0,0,0,0.0,0,11,4,275.0,1,4,0
KS Sharma,16,25,3,64.0,1,0,36.0,12,21,57.14285714285714,0,0,4,4,100.0,1,0,10,15,66.66666666666666,1,0,1,6,10,60.0,0,0,0,0,0,0.0,0,0,0,3,13,3,3,6,11,54.54545454545454,0,6,10,60.0,0,0,0,0.0,0,4,4,100.0,1,0,0,0.0,0,0,0,0.0,0,0,0
FA Allen,15,19,3,78.94736842105263,1,0,36.84210526315789,7,11,63.63636363636363,0,0,8,8,100.0,1,0,0,0,0.0,0,0,0,4,6,66.66666666666666,0,0,0,11,13,84.61538461538461,1,0,1,0,15,7,8,0,0,0.0,0,4,6,66.66666666666666,0,3,5,60.0,0,0,0,0.0,0,0,0,0.0,0,8,8,100.0,1,0,0
DT Christian,15,24,7,62.5,1,0,37.5,12,14,85.71428571428571,1,0,3,10,30.0,0,0,1,4,25.0,0,0,0,1,4,25.0,0,0,0,13,16,81.25,1,0,1,3,12,13,0,0,0,0.0,0,0,1,0.0,0,12,13,92.3076923076923,1,1,4,25.0,0,1,3,33.33333333333333,0,1,3,33.33333333333333,0,1,0
CR Woakes,15,11,1,136.36363636363635,2,0,18.181818181818183,15,11,136.36363636363635,2,0,0,0,0.0,0,0,0,0,0.0,0,0,0,0,0,0.0,0,0,0,15,11,136.36363636363635,2,0,2,0,15,15,0,0,0,0.0,0,0,0,0.0,0,15,11,136.36363636363635,2,0,0,0.0,0,0,0,0.0,0,0,0,0.0,0,0,0
JL Pattinson,15,13,2,115.38461538461537,2,0,23.076923076923077,15,13,115.38461538461537,2,0,0,0,0.0,0,0,0,0,0.0,0,0,0,0,0,0.0,0,0,0,15,13,115.38461538461537,2,0,2,0,15,15,0,0,0,0.0,0,0,0,0.0,0,15,13,115.38461538461537,2,0,0,0.0,0,0,0,0.0,0,0,0,0.0,0,0,6
I Udana,15,11,4,136.36363636363635,1,1,9.090909090909092,14,8,175.0,1,1,1,3,33.33333333333333,0,0,0,0,0.0,0,0,0,0,0,0.0,0,0,0,15,11,136.36363636363635,1,1,2,0,15,14,10,0,0,0.0,0,0,0,0.0,0,14,8,175.0,2,0,0,0.0,0,0,0,0.0,0,1,3,33.33333333333333,0,0,0
Imran Tahir,14,10,1,140.0,2,0,30.0,14,10,140.0,2,0,0,0,0.0,0,0,0,0,0.0,0,0,0,0,0,0.0,0,0,0,14,10,140.0,2,0,2,0,14,14,0,0,0,0.0,0,0,0,0.0,0,14,10,140.0,2,0,0,0.0,0,0,0,0.0,0,0,0,0.0,0,6,0
Kartik Tyagi,14,16,6,87.5,1,0,12.5,3,4,75.0,0,0,11,12,91.66666666666666,1,0,0,0,0.0,0,0,0,0,0,0.0,0,0,0,14,16,87.5,1,0,1,2,12,3,9,0,0,0.0,0,0,0,0.0,0,3,4,75.0,0,0,0,0.0,0,0,0,0.0,0,11,12,91.66666666666666,1,0,0
AS Joseph,13,19,4,68.42105263157895,1,0,42.10526315789473,5,6,83.33333333333334,0,0,8,13,61.53846153846154,1,0,0,0,0.0,0,0,0,3,3,100.0,0,0,0,10,16,62.5,1,0,1,1,12,5,8,0,0,0.0,0,0,0,0.0,0,5,6,83.33333333333334,0,0,0,0.0,0,3,3,100.0,0,5,10,50.0,1,0,0
Arjun Tendulkar,13,9,1,144.44444444444443,0,1,11.11111111111111,0,0,0.0,0,0,13,9,144.44444444444443,0,1,0,0,0.0,0,0,0,0,0,0.0,0,0,0,13,9,144.44444444444443,0,1,1,0,13,0,0,0,0,0.0,0,0,0,0.0,0,0,0,0.0,0,0,0,0.0,0,0,0,0.0,0,13,9,144.44444444444443,1,0,0
DG Nalkande,12,12,2,100.0,0,1,25.0,0,0,0.0,0,0,12,12,100.0,0,1,0,0,0.0,0,0,0,12,11,109.09090909090908,0,1,1,0,1,0.0,0,0,0,0,12,0,0,0,0,0.0,0,0,0,0.0,0,0,0,0.0,0,0,0,0.0,0,12,11,109.09090909090908,1,0,1,0.0,0,0,0
Mukesh Kumar,12,20,5,60.0,0,0,35.0,0,0,0.0,0,0,12,20,60.0,0,0,0,0,0.0,0,0,0,0,0,0.0,0,0,0,12,20,60.0,0,0,0,0,12,0,0,0,0,0.0,0,0,0,0.0,0,0,0,0.0,0,0,0,0.0,0,0,0,0.0,0,12,20,60.0,0,0,0
Mustafizur Rahman,12,21,6,57.14285714285714,0,1,61.904761904761905,9,8,112.5,0,1,3,13,23.076923076923077,0,0,0,0,0.0,0,0,0,0,0,0.0,0,0,0,12,21,57.14285714285714,0,1,1,0,12,12,1,0,0,0.0,0,0,0,0.0,0,9,8,112.5,1,0,0,0.0,0,0,0,0.0,0,3,13,23.076923076923077,0,0,0
MA Wood,11,5,2,220.00000000000003,1,1,20.0,0,0,0.0,0,0,11,5,220.00000000000003,1,1,0,0,0.0,0,0,0,0,0,0.0,0,0,0,11,5,220.00000000000003,1,1,2,1,10,11,11,0,0,0.0,0,0,0,0.0,0,0,0,0.0,0,0,0,0.0,0,0,0,0.0,0,11,5,220.00000000000003,2,0,0
XC Bartlett,11,15,1,73.33333333333333,1,0,46.666666666666664,11,15,73.33333333333333,1,0,0,0,0.0,0,0,0,0,0.0,0,0,0,10,14,71.42857142857143,1,0,1,1,1,100.0,0,0,0,11,0,0,0,0,0,0.0,0,10,14,71.42857142857143,1,1,1,100.0,0,0,0,0.0,0,0,0,0.0,0,0,0,0.0,0,2,0
A Zampa,11,17,3,64.70588235294117,0,0,29.411764705882355,9,11,81.81818181818183,0,0,2,6,33.33333333333333,0,0,0,0,0.0,0,0,0,4,9,44.44444444444444,0,0,0,7,8,87.5,0,0,0,1,10,9,1,0,0,0.0,0,2,3,66.66666666666666,0,7,8,87.5,0,0,0,0.0,0,2,6,33.33333333333333,0,0,0,0.0,0,0,0
VG Arora,10,25,9,40.0,0,0,48.0,9,16,56.25,0,0,1,9,11.11111111111111,0,0,0,0,0.0,0,0,0,0,7,0.0,0,0,0,10,18,55.55555555555556,0,0,0,3,7,9,7,0,0,0.0,0,0,0,0.0,0,9,16,56.25,0,0,0,0.0,0,0,7,0.0,0,1,2,50.0,0,0,0
JE Root,10,15,1,66.66666666666666,1,0,46.666666666666664,0,0,0.0,0,0,10,15,66.66666666666666,1,0,10,15,66.66666666666666,1,0,1,0,0,0.0,0,0,0,0,0,0.0,0,0,0,0,10,0,0,0,0,0.0,0,0,0,0.0,0,0,0,0.0,0,10,15,66.66666666666666,1,0,0,0.0,0,0,0,0.0,0,0,0
D Ferreira,10,14,3,71.42857142857143,0,0,21.428571428571427,9,11,81.81818181818183,0,0,1,3,33.33333333333333,0,0,0,0,0.0,0,0,0,1,3,33.33333333333333,0,0,0,9,11,81.81818181818183,0,0,0,0,10,9,3,0,0,0.0,0,1,3,33.33333333333333,0,8,8,100.0,0,0,0,0.0,0,0,0,0.0,0,1,3,33.33333333333333,0,0,0
Simarjeet Singh,10,15,6,66.66666666666666,0,0,26.666666666666668,8,12,66.66666666666666,0,0,2,3,66.66666666666666,0,0,0,0,0.0,0,0,0,2,3,66.66666666666666,0,0,0,8,12,66.66666666666666,0,0,0,0,10,10,3,0,0,0.0,0,2,3,66.66666666666666,0,6,9,66.66666666666666,0,0,0,0.0,0,0,0,0.0,0,2,3,66.66666666666666,0,0,0
PWA Mulder,10,12,1,83.33333333333334,1,0,33.33333333333333,10,12,83.33333333333334,1,0,0,0,0.0,0,0,0,0,0.0,0,0,0,0,2,0.0,0,0,0,10,10,100.0,1,0,1,0,10,10,0,0,0,0.0,0,0,2,0.0,0,10,10,100.0,1,0,0,0.0,0,0,0,0.0,0,0,0,0.0,0,0,1
Suryansh Shedge,9,12,3,75.0,0,0,8.333333333333332,4,4,100.0,0,0,5,8,62.5,0,0,0,0,0.0,0,0,0,4,4,100.0,0,0,0,5,8,62.5,0,0,0,6,3,2,2,0,0,0.0,0,4,4,100.0,0,0,0,0.0,0,0,0,0.0,0,0,0,0.0,0,5,8,62.5,0,0,0
AS Rajpoot,9,10,2,90.0,0,1,50.0,0,0,0.0,0,0,9,10,90.0,0,1,0,0,0.0,0,0,0,0,0,0.0,0,0,0,9,10,90.0,0,1,1,0,9,0,0,0,0,0.0,0,0,0,0.0,0,0,0,0.0,0,0,0,0.0,0,0,0,0.0,0,9,10,90.0,1,1,0
Akash Madhwal,9,14,2,64.28571428571429,0,0,42.857142857142854,5,5,100.0,0,0,4,9,44.44444444444444,0,0,0,0,0.0,0,0,0,2,5,40.0,0,0,0,7,9,77.77777777777779,0,0,0,0,9,5,0,0,0,0.0,0,0,0,0.0,0,5,5,100.0,0,0,0,0.0,0,2,5,40.0,0,2,4,50.0,0,1,0
SH Johnson,9,11,5,81.81818181818183,1,0,45.45454545454545,3,5,60.0,0,0,6,6,100.0,1,0,0,0,0.0,0,0,0,1,2,50.0,0,0,0,8,9,88.88888888888889,1,0,1,0,9,3,1,0,0,0.0,0,1,2,50.0,0,2,3,66.66666666666666,0,0,0,0.0,0,0,0,0.0,0,6,6,100.0,1,0,0
AA Kulkarni,9,8,2,112.5,2,0,37.5,0,0,0.0,0,0,9,8,112.5,2,0,9,8,112.5,2,0,2,0,0,0.0,0,0,0,0,0,0.0,0,0,0,0,9,0,0,0,0,0.0,0,0,0,0.0,0,0,0,0.0,0,9,8,112.5,2,0,0,0.0,0,0,0,0.0,0,0,4
L Wood,9,3,1,300.0,0,1,0.0,0,0,0.0,0,0,9,3,300.0,0,1,0,0,0.0,0,0,0,0,0,0.0,0,0,0,9,3,300.0,0,1,1,0,9,9,9,0,0,0.0,0,0,0,0.0,0,0,0,0.0,0,0,0,0.0,0,0,0,0.0,0,9,3,300.0,1,0,0
KT Maphaka,9,3,1,300.0,2,0,0.0,0,0,0.0,0,0,9,3,300.0,2,0,0,0,0.0,0,0,0,0,0,0.0,0,0,0,9,3,300.0,2,0,2,0,9,9,9,0,0,0.0,0,0,0,0.0,0,0,0,0.0,0,0,0,0.0,0,0,0,0.0,0,9,3,300.0,2,0,0
Sachin Baby,8,17,1,47.05882352941176,0,0,52.94117647058824,8,17,47.05882352941176,0,0,0,0,0.0,0,0,0,0,0.0,0,0,0,8,17,47.05882352941176,0,0,0,0,0,0.0,0,0,0,0,8,8,0,0,0,0.0,0,8,17,47.05882352941176,0,0,0,0.0,0,0,0,0.0,0,0,0,0.0,0,0,0,0.0,0,1,0
OC McCoy,8,5,1,160.0,0,1,40.0,8,5,160.0,0,1,0,0,0.0,0,0,0,0,0.0,0,0,0,0,0,0.0,0,0,0,8,5,160.0,0,1,1,0,8,8,0,0,0,0.0,0,0,0,0.0,0,8,5,160.0,1,0,0,0.0,0,0,0,0.0,0,0,0,0.0,0,0,0
M Prasidh Krishna,8,17,5,47.05882352941176,0,0,47.05882352941176,2,6,33.33333333333333,0,0,6,11,54.54545454545454,0,0,0,0,0.0,0,0,0,0,0,0.0,0,0,0,8,17,47.05882352941176,0,0,0,2,6,0,0,0,0,0.0,0,0,0,0.0,0,2,6,33.33333333333333,0,0,0,0.0,0,0,0,0.0,0,6,11,54.54545454545454,0,0,0
S Kaul,8,8,2,100.0,1,0,37.5,7,5,140.0,1,0,1,3,33.33333333333333,0,0,0,0,0.0,0,0,0,0,0,0.0,0,0,0,8,8,100.0,1,0,1,0,8,7,1,0,0,0.0,0,0,0,0.0,0,7,5,140.0,1,0,0,0.0,0,0,0,0.0,0,1,3,33.33333333333333,0,0,0
SA Abbott,7,5,1,140.0,0,1,40.0,0,0,0.0,0,0,7,5,140.0,0,1,0,0,0.0,0,0,0,0,1,0.0,0,0,0,7,4,175.0,0,1,1,0,7,0,7,0,0,0.0,0,0,0,0.0,0,0,0,0.0,0,0,0,0.0,0,0,1,0.0,0,7,4,175.0,1,0,0
R Minz,7,16,2,43.75,0,0,50.0,4,10,40.0,0,0,3,6,50.0,0,0,0,0,0.0,0,0,0,7,16,43.75,0,0,0,0,0,0.0,0,0,0,0,7,4,0,0,0,0.0,0,4,10,40.0,0,0,0,0.0,0,0,0,0.0,0,3,6,50.0,0,0,0,0.0,0,0,0
V Viyaskanth,7,5,1,140.0,0,0,0.0,7,5,140.0,0,0,0,0,0.0,0,0,0,0,0.0,0,0,0,0,0,0.0,0,0,0,7,5,140.0,0,0,0,0,7,7,0,0,0,0.0,0,0,0,0.0,0,7,5,140.0,0,0,0,0.0,0,0,0,0.0,0,0,0,0.0,0,0,1
S Nadeem,7,9,3,77.77777777777779,1,0,33.33333333333333,0,0,0.0,0,0,7,9,77.77777777777779,1,0,0,0,0.0,0,0,0,0,0,0.0,0,0,0,7,9,77.77777777777779,1,0,1,0,7,0,2,0,0,0.0,0,0,0,0.0,0,0,0,0.0,0,0,0,0.0,0,0,0,0.0,0,7,9,77.77777777777779,1,0,0
MM Sharma,7,20,5,35.0,0,0,55.00000000000001,6,17,35.294117647058826,0,0,1,3,33.33333333333333,0,0,0,0,0.0,0,0,0,5,15,33.33333333333333,0,0,0,2,5,40.0,0,0,0,2,5,6,2,0,0,0.0,0,5,15,33.33333333333333,0,1,2,50.0,0,0,0,0.0,0,0,0,0.0,0,1,3,33.33333333333333,0,0,0
AJ Tye,7,7,1,100.0,0,1,57.14285714285714,0,0,0.0,0,0,7,7,100.0,0,1,0,0,0.0,0,0,0,7,7,100.0,0,1,1,0,0,0.0,0,0,0,0,7,0,0,0,0,0.0,0,0,0,0.0,0,0,0,0.0,0,0,0,0.0,0,7,7,100.0,1,0,0,0.0,0,0,0
Prince Yadav,6,11,2,54.54545454545454,0,0,45.45454545454545,0,0,0.0,0,0,6,11,54.54545454545454,0,0,0,0,0.0,0,0,0,0,0,0.0,0,0,0,6,11,54.54545454545454,0,0,0,0,6,0,1,0,0,0.0,0,0,0,0.0,0,0,0,0.0,0,0,0,0.0,0,0,0,0.0,0,6,11,54.54545454545454,0,1,0
Mukesh Choudhary,6,6,2,100.0,1,0,50.0,4,4,100.0,1,0,2,2,100.0,0,0,0,0,0.0,0,0,0,4,4,100.0,1,0,1,2,2,100.0,0,0,0,0,6,4,0,0,0,0.0,0,4,4,100.0,1,0,0,0.0,0,0,0,0.0,0,0,0,0.0,0,2,2,100.0,0,0,0
JP Behrendorff,6,9,2,66.66666666666666,0,0,33.33333333333333,0,0,0.0,0,0,6,9,66.66666666666666,0,0,0,0,0.0,0,0,0,0,0,0.0,0,0,0,6,9,66.66666666666666,0,0,0,0,6,0,3,0,0,0.0,0,0,0,0.0,0,0,0,0.0,0,0,0,0.0,0,0,0,0.0,0,6,9,66.66666666666666,0,0,0
Fazalhaq Farooqi,5,15,3,33.33333333333333,0,0,66.66666666666666,0,0,0.0,0,0,5,15,33.33333333333333,0,0,0,0,0.0,0,0,0,0,0,0.0,0,0,0,5,15,33.33333333333333,0,0,0,0,5,2,2,0,0,0.0,0,0,0,0.0,0,0,0,0.0,0,0,0,0.0,0,0,0,0.0,0,5,15,33.33333333333333,0,0,0
Arshad Khan (2),5,4,1,125.0,1,0,25.0,5,4,125.0,1,0,0,0,0.0,0,0,0,0,0.0,0,0,0,0,0,0.0,0,0,0,5,4,125.0,1,0,1,0,5,5,0,0,0,0.0,0,0,0,0.0,0,5,4,125.0,1,0,0,0.0,0,0,0,0.0,0,0,0,0.0,0,0,5
TG Southee,5,17,6,29.411764705882355,0,0,47.05882352941176,1,10,10.0,0,0,4,7,57.14285714285714,0,0,0,0,0.0,0,0,0,1,6,16.666666666666664,0,0,0,4,11,36.36363636363637,0,0,0,3,2,5,0,0,0,0.0,0,1,5,20.0,0,0,5,0.0,0,0,0,0.0,0,0,1,0.0,0,4,6,66.66666666666666,0,0,0
A Tomar,4,8,1,50.0,1,0,75.0,0,0,0.0,0,0,4,8,50.0,1,0,4,8,50.0,1,0,1,0,0,0.0,0,0,0,0,0,0.0,0,0,0,0,4,4,4,0,0,0.0,0,0,0,0.0,0,0,0,0.0,0,4,8,50.0,1,0,0,0.0,0,0,0,0.0,0,0,0
Yash Dayal,4,9,4,44.44444444444444,0,0,33.33333333333333,1,3,33.33333333333333,0,0,3,6,50.0,0,0,0,0,0.0,0,0,0,0,1,0.0,0,0,0,4,8,50.0,0,0,0,1,3,1,4,0,0,0.0,0,0,1,0.0,0,1,2,50.0,0,0,0,0.0,0,0,0,0.0,0,3,6,50.0,0,0,0
Harbhajan Singh,4,4,2,100.0,0,0,25.0,0,0,0.0,0,0,4,4,100.0,0,0,0,0,0.0,0,0,0,0,0,0.0,0,0,0,4,4,100.0,0,0,0,0,4,2,0,0,0,0.0,0,0,0,0.0,0,0,0,0.0,0,0,0,0.0,0,0,0,0.0,0,4,4,100.0,0,0,0
Liton Das,4,4,1,100.0,1,0,50.0,4,4,100.0,1,0,0,0,0.0,0,0,4,4,100.0,1,0,1,0,0,0.0,0,0,0,0,0,0.0,0,0,0,0,4,4,0,4,4,100.0,1,0,0,0.0,0,0,0,0.0,0,0,0,0.0,0,0,0,0.0,0,0,0,0.0,0,0,0
M Tiwari,3,4,1,75.0,0,0,25.0,0,0,0.0,0,0,3,4,75.0,0,0,0,0,0.0,0,0,0,1,2,50.0,0,0,0,2,2,100.0,0,0,0,0,3,0,0,0,0,0.0,0,0,0,0.0,0,0,0,0.0,0,0,0,0.0,0,1,2,50.0,0,2,2,100.0,0,2,0
PJ Sangwan,3,6,1,50.0,0,0,33.33333333333333,3,6,50.0,0,0,0,0,0.0,0,0,0,0,0.0,0,0,0,0,0,0.0,0,0,0,3,6,50.0,0,0,0,0,3,3,0,0,0,0.0,0,0,0,0.0,0,3,6,50.0,0,0,0,0.0,0,0,0,0.0,0,0,0,0.0,0,0,0
RK Bhui,3,9,2,33.33333333333333,0,0,44.44444444444444,3,7,42.857142857142854,0,0,0,2,0.0,0,0,0,2,0.0,0,0,0,3,7,42.857142857142854,0,0,0,0,0,0.0,0,0,0,0,3,3,3,0,0,0.0,0,3,7,42.857142857142854,0,0,0,0.0,0,0,2,0.0,0,0,0,0.0,0,0,0,0.0,0,0,0
T Natarajan,3,5,2,60.0,0,0,40.0,0,0,0.0,0,0,3,5,60.0,0,0,0,0,0.0,0,0,0,0,0,0.0,0,0,0,3,5,60.0,0,0,0,0,3,3,0,0,0,0.0,0,0,0,0.0,0,0,0,0.0,0,0,0,0.0,0,0,0,0.0,0,3,5,60.0,0,0,3
RJ Gleeson,3,2,1,150.0,0,0,0.0,3,2,150.0,0,0,0,0,0.0,0,0,0,0,0.0,0,0,0,0,0,0.0,0,0,0,3,2,150.0,0,0,0,3,0,0,0,0,0,0.0,0,0,0,0.0,0,3,2,150.0,0,0,0,0.0,0,0,0,0.0,0,0,0,0.0,0,0,0
I Sharma,3,9,3,33.33333333333333,0,0,66.66666666666666,1,1,100.0,0,0,2,8,25.0,0,0,0,0,0.0,0,0,0,0,0,0.0,0,0,0,3,9,33.33333333333333,0,0,0,1,2,1,0,0,0,0.0,0,0,0,0.0,0,1,1,100.0,0,0,0,0.0,0,0,0,0.0,0,2,8,25.0,0,0,0
Kumar Kushagra,3,7,3,42.857142857142854,0,0,28.57142857142857,1,3,33.33333333333333,0,0,2,4,50.0,0,0,2,3,66.66666666666666,0,0,0,1,3,33.33333333333333,0,0,0,0,1,0.0,0,0,0,0,3,1,0,0,0,0.0,0,1,3,33.33333333333333,0,0,0,0.0,0,2,3,66.66666666666666,0,0,0,0.0,0,0,1,0.0,0,0,0
DS Kulkarni,3,2,1,150.0,0,0,0.0,3,2,150.0,0,0,0,0,0.0,0,0,0,0,0.0,0,0,0,0,0,0.0,0,0,0,3,2,150.0,0,0,0,0,3,3,0,0,0,0.0,0,0,0,0.0,0,3,2,150.0,0,0,0,0.0,0,0,0,0.0,0,0,0,0.0,0,0,0
WD Parnell,3,6,1,50.0,0,0,33.33333333333333,0,0,0.0,0,0,3,6,50.0,0,0,0,0,0.0,0,0,0,0,0,0.0,0,0,0,3,6,50.0,0,0,0,0,3,3,3,0,0,0.0,0,0,0,0.0,0,0,0,0.0,0,0,0,0.0,0,0,0,0.0,0,3,6,50.0,0,0,0
RJW Topley,3,6,1,50.0,0,0,50.0,0,0,0.0,0,0,3,6,50.0,0,0,0,0,0.0,0,0,0,0,0,0.0,0,0,0,3,6,50.0,0,0,0,0,3,0,0,0,0,0.0,0,0,0,0.0,0,0,0,0.0,0,0,0,0.0,0,0,0,0.0,0,3,6,50.0,0,0,0
Shivam Singh,2,3,1,66.66666666666666,0,0,33.33333333333333,2,3,66.66666666666666,0,0,0,0,0.0,0,0,0,0,0.0,0,0,0,0,0,0.0,0,0,0,2,3,66.66666666666666,0,0,0,0,2,2,2,0,0,0.0,0,0,0,0.0,0,2,3,66.66666666666666,0,0,0,0.0,0,0,0,0.0,0,0,0,0.0,0,0,1
KK Ahmed,2,8,5,25.0,0,0,25.0,1,2,50.0,0,0,1,6,16.666666666666664,0,0,0,0,0.0,0,0,0,0,0,0.0,0,0,0,2,8,25.0,0,0,0,0,2,2,0,0,0,0.0,0,0,0,0.0,0,1,2,50.0,0,0,0,0.0,0,0,0,0.0,0,1,6,16.666666666666664,0,0,0
Mujeeb Ur Rahman,2,4,2,50.0,0,0,25.0,0,0,0.0,0,0,2,4,50.0,0,0,0,0,0.0,0,0,0,1,3,33.33333333333333,0,0,0,1,1,100.0,0,0,0,0,2,1,0,0,0,0.0,0,0,0,0.0,0,0,0,0.0,0,0,0,0.0,0,1,3,33.33333333333333,0,1,1,100.0,0,0,0
Navdeep Saini,2,2,1,100.0,0,0,0.0,2,2,100.0,0,0,0,0,0.0,0,0,0,0,0.0,0,0,0,0,0,0.0,0,0,0,2,2,100.0,0,0,0,2,0,0,2,0,0,0.0,0,0,0,0.0,0,2,2,100.0,0,0,0,0.0,0,0,0,0.0,0,0,0,0.0,0,0,2
GHS Garton,2,4,2,50.0,0,0,25.0,0,1,0.0,0,0,2,3,66.66666666666666,0,0,0,0,0.0,0,0,0,0,0,0.0,0,0,0,2,4,50.0,0,0,0,0,2,2,0,0,0,0.0,0,0,0,0.0,0,0,1,0.0,0,0,0,0.0,0,0,0,0.0,0,2,3,66.66666666666666,0,0,0
T Shamsi,2,4,1,50.0,0,0,50.0,0,0,0.0,0,0,2,4,50.0,0,0,0,0,0.0,0,0,0,0,0,0.0,0,0,0,2,4,50.0,0,0,0,0,2,0,0,0,0,0.0,0,0,0,0.0,0,0,0,0.0,0,0,0,0.0,0,0,0,0.0,0,2,4,50.0,0,0,0
DS Rathi,2,4,1,50.0,0,0,25.0,0,0,0.0,0,0,2,4,50.0,0,0,0,0,0.0,0,0,0,0,0,0.0,0,0,0,2,4,50.0,0,0,0,0,2,0,0,0,0,0.0,0,0,0,0.0,0,0,0,0.0,0,0,0,0.0,0,0,0,0.0,0,2,4,50.0,0,0,0
BR Sharath,2,5,1,40.0,0,0,40.0,0,0,0.0,0,0,2,5,40.0,0,0,0,0,0.0,0,0,0,2,5,40.0,0,0,0,0,0,0.0,0,0,0,0,2,0,0,0,0,0.0,0,0,0,0.0,0,0,0,0.0,0,0,0,0.0,0,2,5,40.0,0,0,0,0.0,0,0,0
SP Goswami,1,5,2,20.0,0,0,40.0,0,0,0.0,0,0,1,5,20.0,0,0,0,3,0.0,0,0,0,0,0,0.0,0,0,0,1,2,50.0,0,0,0,0,1,0,1,0,0,0.0,0,0,0,0.0,0,0,0,0.0,0,0,3,0.0,0,0,0,0.0,0,1,2,50.0,0,0,0
MS Bhandage,1,4,1,25.0,0,0,50.0,1,4,25.0,0,0,0,0,0.0,0,0,0,0,0.0,0,0,0,1,4,25.0,0,0,0,0,0,0.0,0,0,0,0,1,1,0,0,0,0.0,0,1,4,25.0,0,0,0,0.0,0,0,0,0.0,0,0,0,0.0,0,0,0,0.0,0,0,0
Mohit Rathee,1,2,1,50.0,0,0,50.0,1,2,50.0,0,0,0,0,0.0,0,0,0,0,0.0,0,0,0,0,0,0.0,0,0,0,1,2,50.0,0,0,0,0,1,1,0,0,0,0.0,0,0,0,0.0,0,1,2,50.0,0,0,0,0.0,0,0,0,0.0,0,0,0,0.0,0,0,0
VR Aaron,1,10,2,10.0,0,0,80.0,0,0,0.0,0,0,1,10,10.0,0,0,0,0,0.0,0,0,0,0,0,0.0,0,0,0,1,10,10.0,0,0,0,0,1,0,0,0,0,0.0,0,0,0,0.0,0,0,0,0.0,0,0,0,0.0,0,0,0,0.0,0,1,10,10.0,0,0,0
KA Maharaj,1,2,1,50.0,0,0,0.0,0,0,0.0,0,0,1,2,50.0,0,0,0,0,0.0,0,0,0,0,0,0.0,0,0,0,1,2,50.0,0,0,0,1,0,1,0,0,0,0.0,0,0,0,0.0,0,0,0,0.0,0,0,0,0.0,0,0,0,0.0,0,1,2,50.0,0,0,0
SZ Mulani,1,1,1,100.0,0,0,0.0,0,0,0.0,0,0,1,1,100.0,0,0,0,0,0.0,0,0,0,0,0,0.0,0,0,0,1,1,100.0,0,0,0,0,1,1,0,0,0,0.0,0,0,0,0.0,0,0,0,0.0,0,0,0,0.0,0,0,0,0.0,0,1,1,100.0,0,0,0
PVSN Raju,1,1,1,100.0,0,0,0.0,1,1,100.0,0,0,0,0,0.0,0,0,0,0,0.0,0,0,0,0,0,0.0,0,0,0,1,1,100.0,0,0,0,0,1,1,0,0,0,0.0,0,0,0,0.0,0,1,1,100.0,0,0,0,0.0,0,0,0,0.0,0,0,0,0.0,0,0,0
DW Steyn,1,2,1,50.0,0,0,50.0,0,0,0.0,0,0,1,2,50.0,0,0,0,0,0.0,0,0,0,0,0,0.0,0,0,0,1,2,50.0,0,0,0,0,1,0,0,0,0,0.0,0,0,0,0.0,0,0,0,0.0,0,0,0,0.0,0,0,0,0.0,0,1,2,50.0,0,0,0
MJ Suthar,1,2,1,50.0,0,0,0.0,1,2,50.0,0,0,0,0,0.0,0,0,0,0,0.0,0,0,0,0,0,0.0,0,0,0,1,2,50.0,0,0,0,0,1,1,0,0,0,0.0,0,0,0,0.0,0,1,2,50.0,0,0,0,0.0,0,0,0,0.0,0,0,0,0.0,0,0,0
NS Naik,1,3,1,33.33333333333333,0,0,33.33333333333333,0,0,0.0,0,0,1,3,33.33333333333333,0,0,0,0,0.0,0,0,0,0,0,0.0,0,0,0,1,3,33.33333333333333,0,0,0,0,1,0,0,0,0,0.0,0,0,0,0.0,0,0,0,0.0,0,0,0,0.0,0,0,0,0.0,0,1,3,33.33333333333333,0,1,0
LB Williams,1,2,1,50.0,0,0,50.0,1,2,50.0,0,0,0,0,0.0,0,0,0,0,0.0,0,0,0,0,0,0.0,0,0,0,1,2,50.0,0,0,0,0,1,1,0,0,0,0.0,0,0,0,0.0,0,1,2,50.0,0,0,0,0.0,0,0,0,0.0,0,0,0,0.0,0,0,0
Abdul Basith,1,1,1,100.0,0,0,0.0,0,0,0.0,0,0,1,1,100.0,0,0,0,0,0.0,0,0,0,0,0,0.0,0,0,0,1,1,100.0,0,0,0,0,1,1,1,0,0,0.0,0,0,0,0.0,0,0,0,0.0,0,0,0,0.0,0,0,0,0.0,0,1,1,100.0,0,0,0
KM Asif,0,2,1,0.0,0,0,50.0,0,0,0.0,0,0,0,2,0.0,0,0,0,0,0.0,0,0,0,0,2,0.0,0,0,0,0,0,0.0,0,0,0,0,0,0,0,0,0,0.0,0,0,0,0.0,0,0,0,0.0,0,0,0,0.0,0,0,2,0.0,0,0,0,0.0,0,0,0
L Ngidi,0,2,1,0.0,0,0,100.0,0,0,0.0,0,0,0,2,0.0,0,0,0,0,0.0,0,0,0,0,0,0.0,0,0,0,0,2,0.0,0,0,0,0,0,0,0,0,0,0.0,0,0,0,0.0,0,0,0,0.0,0,0,0,0.0,0,0,0,0.0,0,0,2,0.0,0,0,0
Musheer Khan,0,3,1,0.0,0,0,66.66666666666666,0,3,0.0,0,0,0,0,0.0,0,0,0,0,0.0,0,0,0,0,3,0.0,0,0,0,0,0,0.0,0,0,0,0,0,0,0,0,0,0.0,0,0,3,0.0,0,0,0,0.0,0,0,0,0.0,0,0,0,0.0,0,0,0,0.0,0,0,0
TS Mills,0,3,2,0.0,0,0,66.66666666666666,0,0,0.0,0,0,0,3,0.0,0,0,0,0,0.0,0,0,0,0,0,0.0,0,0,0,0,3,0.0,0,0,0,0,0,0,0,0,0,0.0,0,0,0,0.0,0,0,0,0.0,0,0,0,0.0,0,0,0,0.0,0,0,3,0.0,0,0,0
K Yadav,0,4,1,0.0,0,0,100.0,0,4,0.0,0,0,0,0,0.0,0,0,0,0,0.0,0,0,0,0,0,0.0,0,0,0,0,4,0.0,0,0,0,0,0,0,0,0,0,0.0,0,0,0,0.0,0,0,4,0.0,0,0,0,0.0,0,0,0,0.0,0,0,0,0.0,0,0,0
MJ Owen,0,2,1,0.0,0,0,50.0,0,2,0.0,0,0,0,0,0.0,0,0,0,2,0.0,0,0,0,0,0,0.0,0,0,0,0,0,0.0,0,0,0,0,0,0,0,0,2,0.0,0,0,0,0.0,0,0,0,0.0,0,0,0,0.0,0,0,0,0.0,0,0,0,0.0,0,0,0
KS Rathore,0,5,1,0.0,0,0,80.0,0,0,0.0,0,0,0,5,0.0,0,0,0,5,0.0,0,0,0,0,0,0.0,0,0,0,0,0,0.0,0,0,0,0,0,0,0,0,0,0.0,0,0,0,0.0,0,0,0,0.0,0,0,5,0.0,0,0,0,0.0,0,0,0,0.0,0,0,0
SS Cottrell,0,2,1,0.0,0,0,50.0,0,0,0.0,0,0,0,2,0.0,0,0,0,0,0.0,0,0,0,0,0,0.0,0,0,0,0,2,0.0,0,0,0,0,0,0,0,0,0,0.0,0,0,0,0.0,0,0,0,0.0,0,0,0,0.0,0,0,0,0.0,0,0,2,0.0,0,0,0
RP Meredith,0,3,2,0.0,0,0,66.66666666666666,0,0,0.0,0,0,0,3,0.0,0,0,0,0,0.0,0,0,0,0,0,0.0,0,0,0,0,3,0.0,0,0,0,0,0,0,0,0,0,0.0,0,0,0,0.0,0,0,0,0.0,0,0,0,0.0,0,0,0,0.0,0,0,3,0.0,0,0,0
Mayank Dagar,0,1,1,0.0,0,0,100.0,0,0,0.0,0,0,0,1,0.0,0,0,0,0,0.0,0,0,0,0,0,0.0,0,0,0,0,1,0.0,0,0,0,0,0,0,0,0,0,0.0,0,0,0,0.0,0,0,0,0.0,0,0,0,0.0,0,0,0,0.0,0,0,1,0.0,0,0,0
R Sanjay Yadav,0,2,1,0.0,0,0,50.0,0,0,0.0,0,0,0,2,0.0,0,0,0,0,0.0,0,0,0,0,0,0.0,0,0,0,0,2,0.0,0,0,0,0,0,0,0,0,0,0.0,0,0,0,0.0,0,0,0,0.0,0,0,0,0.0,0,0,0,0.0,0,0,2,0.0,0,0,0
KR Sen,0,3,1,0.0,0,0,100.0,0,0,0.0,0,0,0,3,0.0,0,0,0,0,0.0,0,0,0,0,0,0.0,0,0,0,0,3,0.0,0,0,0,0,0,0,0,0,0,0.0,0,0,0,0.0,0,0,0,0.0,0,0,0,0.0,0,0,0,0.0,0,0,3,0.0,0,0,0
