bowler,total_balls,total_overs,total_runs,total_wickets,overall_economy,dot_ball_pct,inn1_balls,inn1_overs,inn1_runs,inn1_wickets,inn1_economy,inn2_balls,inn2_overs,inn2_runs,inn2_wickets,inn2_economy,powerplay_balls,powerplay_overs,powerplay_runs,powerplay_wickets,powerplay_economy,powerplay_dot_ball_pct,middle_balls,middle_overs,middle_runs,middle_wickets,middle_economy,middle_dot_ball_pct,death_balls,death_overs,death_runs,death_wickets,death_economy,death_dot_ball_pct,wickets_in_wins,wickets_in_losses,wickets_in_close_matches,runs_in_close_matches,inn1_powerplay_balls,inn1_powerplay_overs,inn1_powerplay_runs,inn1_powerplay_wickets,inn1_powerplay_economy,inn1_middle_balls,inn1_middle_overs,inn1_middle_runs,inn1_middle_wickets,inn1_middle_economy,inn1_death_balls,inn1_death_overs,inn1_death_runs,inn1_death_wickets,inn1_death_economy,inn2_powerplay_balls,inn2_powerplay_overs,inn2_powerplay_runs,inn2_powerplay_wickets,inn2_powerplay_economy,inn2_middle_balls,inn2_middle_overs,inn2_middle_runs,inn2_middle_wickets,inn2_middle_economy,inn2_death_balls,inn2_death_overs,inn2_death_runs,inn2_death_wickets,inn2_death_economy
YS Chahal,2065,344.1666666666667,2744,127,7.972881355932203,24.358353510895885,926,154.33333333333334,1313,49,8.50755939524838,1139,189.83333333333334,1431,78,7.538191395961369,84,14.0,109,4,7.785714285714286,33.33333333333333,1554,259.0,1992,75,7.691119691119691,25.28957528957529,427,71.16666666666667,643,48,9.035128805620609,19.20374707259953,86,41,94,2032,48,8.0,62,3,7.75,687,114.5,932,28,8.139737991266376,191,31.833333333333332,319,18,10.020942408376964,36,6.0,47,1,7.833333333333333,867,144.5,1060,47,7.335640138408304,236,39.333333333333336,324,30,8.23728813559322
HV Patel,1702,283.6666666666667,2404,121,8.474735605170387,22.855464159811987,811,135.16666666666666,1206,70,8.922318125770655,891,148.5,1198,51,8.067340067340067,166,27.666666666666668,249,5,9.0,33.734939759036145,816,136.0,1053,38,7.742647058823529,24.264705882352942,720,120.0,1102,78,9.183333333333334,18.75,72,49,82,1497,74,12.333333333333334,128,3,10.378378378378377,353,58.833333333333336,428,20,7.2747875354107645,384,64.0,650,47,10.15625,92,15.333333333333334,121,2,7.891304347826087,463,77.16666666666667,625,18,8.099352051835853,336,56.0,452,31,8.071428571428571
TA Boult,1979,329.8333333333333,2652,110,8.040424456796362,35.977766548762006,946,157.66666666666666,1267,52,8.035940803382664,1033,172.16666666666666,1385,58,8.044530493707649,1247,207.83333333333334,1461,64,7.029671210906175,46.67201283079391,274,45.666666666666664,406,11,8.89051094890511,17.153284671532848,458,76.33333333333333,785,35,10.283842794759826,18.12227074235808,81,29,70,1944,581,96.83333333333333,652,32,6.733218588640276,144,24.0,213,3,8.875,221,36.833333333333336,402,17,10.914027149321265,666,111.0,809,32,7.288288288288288,130,21.666666666666668,193,8,8.907692307692308,237,39.5,383,18,9.69620253164557
JJ Bumrah,1663,277.1666666666667,1897,108,6.844257366205652,35.838845460012024,836,139.33333333333334,910,57,6.5311004784688995,827,137.83333333333334,987,51,7.1608222490931075,584,97.33333333333333,651,25,6.688356164383562,48.63013698630137,435,72.5,466,23,6.427586206896552,34.25287356321839,644,107.33333333333333,780,60,7.267080745341615,25.310559006211182,68,40,59,1347,265,44.166666666666664,285,13,6.452830188679246,205,34.166666666666664,202,11,5.91219512195122,366,61.0,423,33,6.934426229508197,319,53.166666666666664,366,12,6.884012539184953,230,38.333333333333336,264,12,6.88695652173913,278,46.333333333333336,357,27,7.705035971223021
Rashid Khan,2121,353.5,2622,106,7.417256011315417,28.147100424328148,1249,208.16666666666666,1521,54,7.306645316253003,872,145.33333333333334,1101,52,7.575688073394495,212,35.333333333333336,293,9,8.29245283018868,29.71698113207547,1538,256.3333333333333,1798,67,7.014304291287386,28.868660598179453,371,61.833333333333336,531,30,8.587601078167115,24.258760107816713,59,47,67,1806,108,18.0,146,6,8.11111111111111,916,152.66666666666666,1072,33,7.021834061135372,225,37.5,303,15,8.08,104,17.333333333333332,147,3,8.480769230769232,622,103.66666666666667,726,34,7.003215434083601,146,24.333333333333332,228,15,9.36986301369863
Arshdeep Singh,1755,292.5,2507,103,8.57094017094017,27.97720797720798,885,147.5,1281,58,8.684745762711865,870,145.0,1226,45,8.455172413793104,835,139.16666666666666,1145,36,8.227544910179642,36.16766467065868,298,49.666666666666664,408,14,8.21476510067114,23.825503355704697,622,103.66666666666667,954,53,9.20257234726688,18.971061093247588,58,45,80,1985,415,69.16666666666667,539,18,7.792771084337349,130,21.666666666666668,191,6,8.815384615384614,340,56.666666666666664,551,34,9.723529411764707,420,70.0,606,18,8.657142857142857,168,28.0,217,8,7.75,282,47.0,403,19,8.574468085106384
CV Varun,1914,319.0,2397,101,7.5141065830721,30.773249738766978,928,154.66666666666666,1171,41,7.571120689655173,986,164.33333333333334,1226,60,7.460446247464502,376,62.666666666666664,453,15,7.2287234042553195,36.702127659574465,1229,204.83333333333334,1511,67,7.376729048006509,29.21074043938161,309,51.5,433,19,8.407766990291263,29.773462783171524,68,33,58,1606,200,33.333333333333336,233,8,6.989999999999999,568,94.66666666666667,694,28,7.330985915492957,160,26.666666666666668,244,5,9.15,176,29.333333333333332,220,7,7.5,661,110.16666666666667,817,39,7.416036308623298,149,24.833333333333332,189,14,7.610738255033557
Mohammed Shami,1624,270.6666666666667,2245,97,8.294334975369457,36.08374384236453,857,142.83333333333334,1190,61,8.331388564760793,767,127.83333333333333,1055,36,8.252933507170795,1031,171.83333333333334,1257,45,7.315227934044617,46.16876818622696,202,33.666666666666664,295,9,8.762376237623762,23.762376237623762,391,65.16666666666667,693,43,10.634271099744245,15.856777493606138,65,32,80,1732,512,85.33333333333333,620,26,7.265625,86,14.333333333333334,135,2,9.41860465116279,259,43.166666666666664,435,33,10.077220077220078,519,86.5,637,19,7.364161849710983,116,19.333333333333332,160,7,8.275862068965518,132,22.0,258,10,11.727272727272727
K Rabada,1557,259.5,2234,89,8.608863198458574,31.59922928709056,785,130.83333333333334,1212,38,9.263694267515923,772,128.66666666666666,1022,51,7.943005181347151,655,109.16666666666667,917,25,8.4,38.778625954198475,445,74.16666666666667,576,22,7.76629213483146,30.786516853932582,457,76.16666666666667,741,42,9.72866520787746,22.100656455142232,48,41,56,1528,327,54.5,514,12,9.431192660550458,214,35.666666666666664,300,8,8.41121495327103,244,40.666666666666664,398,18,9.78688524590164,328,54.666666666666664,403,13,7.371951219512195,231,38.5,276,14,7.1688311688311686,213,35.5,343,24,9.661971830985916
Avesh Khan,1524,254.0,2238,89,8.811023622047244,27.755905511811026,810,135.0,1233,46,9.133333333333333,714,119.0,1005,43,8.445378151260504,500,83.33333333333333,745,19,8.940000000000001,37.0,405,67.5,526,23,7.792592592592593,29.629629629629626,619,103.16666666666667,967,47,9.373182552504039,19.063004846526656,53,36,68,1679,252,42.0,376,9,8.952380952380953,212,35.333333333333336,296,12,8.377358490566037,346,57.666666666666664,561,25,9.728323699421965,248,41.333333333333336,369,10,8.92741935483871,193,32.166666666666664,230,11,7.1502590673575135,273,45.5,406,22,8.923076923076923
Mohammed Siraj,1864,310.6666666666667,2577,82,8.295064377682403,35.675965665236056,831,138.5,1101,35,7.949458483754513,1033,172.16666666666666,1476,47,8.573088092933205,1097,182.83333333333334,1450,41,7.930720145852324,43.026435733819504,263,43.833333333333336,345,13,7.870722433460076,25.475285171102662,504,84.0,782,28,9.30952380952381,25.0,54,28,49,1634,470,78.33333333333333,546,19,6.970212765957447,84,14.0,97,4,6.928571428571429,277,46.166666666666664,458,12,9.92057761732852,627,104.5,904,22,8.650717703349283,179,29.833333333333332,248,9,8.312849162011174,227,37.833333333333336,324,16,8.563876651982378
Ravi Bishnoi,1693,282.1666666666667,2263,77,8.020082693443591,28.470171293561723,799,133.16666666666666,1046,37,7.854818523153943,894,149.0,1217,40,8.167785234899329,129,21.5,183,3,8.511627906976743,37.2093023255814,1317,219.5,1706,53,7.7722095671981775,27.790432801822323,247,41.166666666666664,374,21,9.08502024291498,27.530364372469634,47,30,48,1550,64,10.666666666666666,83,1,7.78125,613,102.16666666666667,787,25,7.703099510603589,122,20.333333333333332,176,11,8.655737704918034,65,10.833333333333334,100,2,9.23076923076923,704,117.33333333333333,919,28,7.832386363636364,125,20.833333333333332,198,10,9.504000000000001
SP Narine,1821,303.5,2118,75,6.978583196046128,29.763866007688083,918,153.0,1009,43,6.594771241830065,903,150.5,1109,32,7.368770764119601,235,39.166666666666664,354,3,9.038297872340426,32.76595744680851,1320,220.0,1463,52,6.65,29.09090909090909,266,44.333333333333336,301,20,6.789473684210526,30.451127819548873,46,29,51,1357,115,19.166666666666668,172,1,8.97391304347826,659,109.83333333333333,687,31,6.254931714719272,144,24.0,150,11,6.25,120,20.0,182,2,9.1,661,110.16666666666667,776,21,7.043872919818456,122,20.333333333333332,151,9,7.426229508196721
T Natarajan,1344,224.0,1938,75,8.651785714285714,24.330357142857142,841,140.16666666666666,1193,50,8.511296076099882,503,83.83333333333333,745,25,8.886679920477137,364,60.666666666666664,502,17,8.274725274725276,37.91208791208791,407,67.83333333333333,500,10,7.371007371007371,21.867321867321866,573,95.5,936,48,9.801047120418849,17.452006980802793,42,33,50,1381,196,32.666666666666664,260,12,7.959183673469388,253,42.166666666666664,310,6,7.351778656126482,392,65.33333333333333,623,32,9.535714285714286,168,28.0,242,5,8.642857142857142,154,25.666666666666668,190,4,7.402597402597403,181,30.166666666666668,313,16,10.375690607734807
SN Thakur,1461,243.5,2208,75,9.067761806981519,24.982888432580424,702,117.0,1042,29,8.905982905982906,759,126.5,1166,46,9.217391304347826,427,71.16666666666667,677,17,9.51288056206089,29.97658079625293,492,82.0,661,20,8.060975609756097,25.0,542,90.33333333333333,870,38,9.6309963099631,21.033210332103323,41,34,50,1562,207,34.5,285,6,8.26086956521739,190,31.666666666666668,239,7,7.5473684210526315,305,50.833333333333336,518,16,10.190163934426229,220,36.666666666666664,392,11,10.690909090909091,302,50.333333333333336,422,13,8.3841059602649,237,39.5,352,22,8.91139240506329
KK Ahmed,1394,232.33333333333334,2041,74,8.784791965566715,34.50502152080344,811,135.16666666666666,1194,43,8.833538840937115,583,97.16666666666667,847,31,8.716981132075471,806,134.33333333333334,1082,30,8.054590570719602,43.54838709677419,216,36.0,297,11,8.25,26.851851851851855,372,62.0,662,33,10.67741935483871,19.35483870967742,36,38,37,1096,428,71.33333333333333,569,11,7.976635514018692,139,23.166666666666668,187,8,8.071942446043165,244,40.666666666666664,438,24,10.77049180327869,378,63.0,513,19,8.142857142857142,77,12.833333333333334,110,3,8.571428571428571,128,21.333333333333332,224,9,10.5
AD Russell,813,135.5,1344,73,9.918819188191883,22.14022140221402,408,68.0,675,39,9.926470588235293,405,67.5,669,34,9.911111111111111,91,15.166666666666666,135,8,8.901098901098901,34.065934065934066,360,60.0,578,28,9.633333333333333,21.11111111111111,362,60.333333333333336,631,37,10.458563535911601,20.165745856353592,42,31,42,837,20,3.3333333333333335,36,2,10.799999999999999,160,26.666666666666668,218,13,8.174999999999999,228,38.0,421,24,11.078947368421053,71,11.833333333333334,99,6,8.366197183098592,200,33.333333333333336,360,15,10.799999999999999,134,22.333333333333332,210,13,9.402985074626866
B Kumar,1671,278.5,2308,72,8.287253141831238,33.69239976062238,895,149.16666666666666,1181,44,7.917318435754191,776,129.33333333333334,1127,28,8.713917525773196,976,162.66666666666666,1180,34,7.254098360655738,45.49180327868852,123,20.5,197,1,9.609756097560975,20.32520325203252,572,95.33333333333333,931,37,9.765734265734267,16.433566433566433,41,31,56,1727,487,81.16666666666667,542,15,6.677618069815194,36,6.0,66,0,11.0,372,62.0,573,29,9.241935483870968,489,81.5,638,19,7.828220858895706,87,14.5,131,1,9.03448275862069,200,33.333333333333336,358,8,10.739999999999998
R Ashwin,1853,308.8333333333333,2358,67,7.63518618456557,25.580140313005938,846,141.0,1145,27,8.120567375886525,1007,167.83333333333334,1213,40,7.227408142999007,450,75.0,618,17,8.24,31.11111111111111,1236,206.0,1482,42,7.194174757281553,23.948220064724918,167,27.833333333333332,258,8,9.269461077844312,22.75449101796407,32,35,40,1650,184,30.666666666666668,299,4,9.75,593,98.83333333333333,729,20,7.376053962900507,69,11.5,117,3,10.173913043478262,266,44.333333333333336,319,13,7.1954887218045105,643,107.16666666666667,753,22,7.026438569206842,98,16.333333333333332,141,5,8.63265306122449
Kuldeep Yadav,1272,212.0,1649,64,7.778301886792453,24.842767295597483,760,126.66666666666667,1009,41,7.96578947368421,512,85.33333333333333,640,23,7.5,6,1.0,20,0,20.0,16.666666666666664,1048,174.66666666666666,1360,47,7.786259541984733,25.0,218,36.333333333333336,269,17,7.403669724770642,24.31192660550459,40,24,39,914,6,1.0,20,0,20.0,619,103.16666666666667,821,33,7.957996768982229,135,22.5,168,8,7.466666666666667,0,0.0,0,0,0.0,429,71.5,539,14,7.538461538461538,83,13.833333333333334,101,9,7.301204819277108
PJ Cummins,1303,217.16666666666666,1911,63,8.799693016116654,30.544896392939368,562,93.66666666666667,907,21,9.683274021352313,741,123.5,1004,42,8.129554655870445,588,98.0,808,22,8.244897959183673,39.795918367346935,369,61.5,486,21,7.902439024390244,26.01626016260163,346,57.666666666666664,617,20,10.699421965317919,19.653179190751445,35,28,35,1065,224,37.333333333333336,329,7,8.8125,156,26.0,226,5,8.692307692307692,182,30.333333333333332,352,9,11.604395604395604,364,60.666666666666664,479,15,7.895604395604396,213,35.5,260,16,7.323943661971831,164,27.333333333333332,265,11,9.695121951219512
A Nortje,1142,190.33333333333334,1701,63,8.936952714535902,30.910683012259195,540,90.0,871,29,9.677777777777777,602,100.33333333333333,830,34,8.272425249169435,459,76.5,638,22,8.339869281045752,39.651416122004356,227,37.833333333333336,320,12,8.458149779735683,29.515418502202646,456,76.0,743,29,9.776315789473685,22.807017543859647,35,28,34,829,194,32.333333333333336,295,6,9.123711340206185,124,20.666666666666668,148,9,7.161290322580645,222,37.0,428,14,11.567567567567568,265,44.166666666666664,343,16,7.766037735849057,103,17.166666666666668,172,3,10.019417475728154,234,39.0,315,15,8.076923076923077
RA Jadeja,1589,264.8333333333333,2045,63,7.721837633731908,26.117054751415985,829,138.16666666666666,1019,31,7.375150784077202,760,126.66666666666667,1026,32,8.1,12,2.0,13,0,6.5,25.0,1510,251.66666666666666,1906,59,7.573509933774835,26.490066225165563,67,11.166666666666666,126,4,11.28358208955224,17.91044776119403,43,20,35,1237,0,0.0,0,0,0.0,805,134.16666666666666,978,30,7.28944099378882,24,4.0,41,1,10.25,12,2.0,13,0,6.5,705,117.5,928,29,7.897872340425532,43,7.166666666666667,85,3,11.86046511627907
M Prasidh Krishna,1158,193.0,1592,63,8.248704663212436,34.6286701208981,502,83.66666666666667,756,28,9.035856573705178,656,109.33333333333333,836,35,7.646341463414634,440,73.33333333333333,563,16,7.677272727272728,44.54545454545455,345,57.5,424,17,7.373913043478261,32.17391304347826,373,62.166666666666664,605,30,9.731903485254692,25.201072386058982,45,18,36,1066,141,23.5,201,5,8.553191489361701,175,29.166666666666668,215,7,7.371428571428571,186,31.0,340,16,10.96774193548387,299,49.833333333333336,362,11,7.264214046822742,170,28.333333333333332,209,10,7.376470588235295,187,31.166666666666668,265,14,8.502673796791443
AR Patel,1620,270.0,1958,61,7.2518518518518515,28.641975308641975,925,154.16666666666666,1156,32,7.498378378378379,695,115.83333333333333,802,29,6.923741007194245,351,58.5,458,15,7.829059829059829,36.182336182336186,1164,194.0,1358,42,7.0,26.718213058419245,105,17.5,142,4,8.114285714285714,24.761904761904763,36,25,39,1230,213,35.5,281,7,7.915492957746479,637,106.16666666666667,763,23,7.186813186813186,75,12.5,112,2,8.96,138,23.0,177,8,7.695652173913044,527,87.83333333333333,595,19,6.774193548387097,30,5.0,30,2,6.0
RD Chahar,1370,228.33333333333334,1805,61,7.905109489051094,27.51824817518248,622,103.66666666666667,775,26,7.47588424437299,748,124.66666666666667,1030,35,8.262032085561497,30,5.0,43,0,8.6,40.0,1182,197.0,1544,46,7.83756345177665,28.08798646362098,158,26.333333333333332,218,15,8.278481012658228,20.88607594936709,39,22,41,1281,12,2.0,23,0,11.5,536,89.33333333333333,644,18,7.208955223880597,74,12.333333333333334,108,8,8.756756756756756,18,3.0,20,0,6.666666666666667,646,107.66666666666667,900,28,8.359133126934983,84,14.0,110,7,7.857142857142857
Sandeep Sharma,1353,225.5,1809,60,8.022172949002217,28.824833702882486,864,144.0,1173,50,8.145833333333334,489,81.5,636,10,7.803680981595092,681,113.5,766,21,6.748898678414097,40.969162995594715,267,44.5,362,7,8.134831460674157,19.850187265917604,405,67.5,681,32,10.088888888888889,14.320987654320987,30,30,39,1315,420,70.0,469,16,6.7,166,27.666666666666668,243,7,8.783132530120481,278,46.333333333333336,461,27,9.949640287769784,261,43.5,297,5,6.827586206896552,101,16.833333333333332,119,0,7.069306930693069,127,21.166666666666668,220,5,10.393700787401574
DL Chahar,1284,214.0,1737,58,8.116822429906541,33.56697819314642,623,103.83333333333333,849,26,8.176565008025683,661,110.16666666666667,888,32,8.060514372163388,984,164.0,1301,42,7.932926829268292,37.80487804878049,179,29.833333333333332,233,8,7.810055865921788,22.3463687150838,121,20.166666666666668,203,8,10.066115702479339,15.702479338842975,39,19,35,1127,455,75.83333333333333,606,15,7.991208791208792,82,13.666666666666666,108,4,7.902439024390244,86,14.333333333333334,135,7,9.41860465116279,529,88.16666666666667,695,27,7.882797731568997,97,16.166666666666668,125,4,7.731958762886597,35,5.833333333333333,68,1,11.657142857142858
JR Hazlewood,892,148.66666666666666,1219,58,8.199551569506728,35.65022421524663,333,55.5,468,21,8.432432432432432,559,93.16666666666667,751,37,8.0608228980322,491,81.83333333333333,606,24,7.405295315682282,45.621181262729124,139,23.166666666666668,182,11,7.856115107913669,28.776978417266186,262,43.666666666666664,431,23,9.870229007633588,20.610687022900763,45,13,37,902,176,29.333333333333332,195,10,6.647727272727273,38,6.333333333333333,43,4,6.7894736842105265,119,19.833333333333332,230,7,11.596638655462186,315,52.5,411,14,7.828571428571428,101,16.833333333333332,139,7,8.257425742574258,143,23.833333333333332,201,16,8.433566433566433
TU Deshpande,1043,173.83333333333334,1617,55,9.302013422818792,27.612655800575265,538,89.66666666666667,825,28,9.200743494423792,505,84.16666666666667,792,27,9.40990099009901,491,81.83333333333333,702,18,8.578411405295316,39.307535641547865,202,33.666666666666664,299,7,8.881188118811881,17.326732673267326,350,58.333333333333336,616,30,10.559999999999999,17.142857142857142,34,21,30,991,229,38.166666666666664,307,8,8.043668122270743,128,21.333333333333332,183,3,8.578125,181,30.166666666666668,335,17,11.104972375690608,262,43.666666666666664,395,10,9.045801526717558,74,12.333333333333334,116,4,9.405405405405405,169,28.166666666666668,281,13,9.976331360946745
LH Ferguson,881,146.83333333333334,1275,54,8.683314415437003,29.171396140749152,437,72.83333333333333,667,22,9.157894736842106,444,74.0,608,32,8.216216216216216,200,33.333333333333336,277,14,8.309999999999999,34.5,407,67.83333333333333,547,19,8.063882063882064,30.95823095823096,274,45.666666666666664,451,21,9.875912408759124,22.62773722627737,37,17,33,856,124,20.666666666666668,191,5,9.241935483870968,176,29.333333333333332,247,5,8.420454545454545,137,22.833333333333332,229,12,10.029197080291972,76,12.666666666666666,86,9,6.7894736842105265,231,38.5,300,14,7.792207792207792,137,22.833333333333332,222,9,9.722627737226277
KH Pandya,1498,249.66666666666666,1881,54,7.534045393858478,27.03604806408545,738,123.0,898,22,7.300813008130081,760,126.66666666666667,983,32,7.760526315789473,368,61.333333333333336,490,10,7.989130434782608,33.15217391304348,1014,169.0,1227,36,7.260355029585799,24.7534516765286,116,19.333333333333332,164,8,8.482758620689655,27.586206896551722,44,10,39,1255,208,34.666666666666664,269,6,7.759615384615385,494,82.33333333333333,582,16,7.068825910931174,36,6.0,47,0,7.833333333333333,160,26.666666666666668,221,4,8.2875,520,86.66666666666667,645,20,7.442307692307692,80,13.333333333333334,117,8,8.775
M Pathirana,787,131.16666666666666,1047,53,7.982210927573063,23.63405336721728,337,56.166666666666664,463,25,8.243323442136498,450,75.0,584,28,7.786666666666667,0,0.0,0,0,0.0,0.0,343,57.166666666666664,410,14,7.172011661807581,27.988338192419825,444,74.0,637,39,8.608108108108109,20.27027027027027,27,26,24,543,0,0.0,0,0,0.0,113,18.833333333333332,150,3,7.964601769911505,224,37.333333333333336,313,22,8.383928571428571,0,0.0,0,0,0.0,230,38.333333333333336,260,11,6.782608695652174,220,36.666666666666664,324,17,8.836363636363638
SM Curran,1101,183.5,1734,52,9.449591280653951,25.9763851044505,651,108.5,1002,33,9.235023041474655,450,75.0,732,19,9.76,529,88.16666666666667,698,11,7.916824196597353,36.86200378071834,235,39.166666666666664,416,13,10.621276595744682,17.872340425531917,337,56.166666666666664,620,28,11.038575667655786,14.540059347181009,22,30,31,1177,314,52.333333333333336,405,6,7.738853503184713,133,22.166666666666668,218,10,9.834586466165414,204,34.0,379,17,11.147058823529411,215,35.833333333333336,293,5,8.17674418604651,102,17.0,198,3,11.647058823529411,133,22.166666666666668,241,11,10.87218045112782
JO Holder,821,136.83333333333334,1176,51,8.594397076735687,23.26431181485993,444,74.0,580,34,7.837837837837838,377,62.833333333333336,596,17,9.485411140583555,262,43.666666666666664,364,7,8.33587786259542,38.54961832061068,261,43.5,348,16,8.0,19.157088122605366,298,49.666666666666664,464,28,9.342281879194632,13.422818791946309,23,28,33,738,127,21.166666666666668,168,5,7.937007874015747,136,22.666666666666668,155,10,6.838235294117647,181,30.166666666666668,257,19,8.519337016574585,135,22.5,196,2,8.71111111111111,125,20.833333333333332,193,6,9.264000000000001,117,19.5,207,9,10.615384615384615
MM Sharma,701,116.83333333333333,1094,50,9.363766048502141,18.972895863052784,382,63.666666666666664,614,20,9.643979057591624,319,53.166666666666664,480,30,9.028213166144202,75,12.5,118,2,9.44,33.33333333333333,317,52.833333333333336,449,19,8.498422712933754,18.29652996845426,309,51.5,527,29,10.233009708737864,16.181229773462782,41,9,23,750,31,5.166666666666667,49,1,9.483870967741934,164,27.333333333333332,216,6,7.902439024390244,187,31.166666666666668,349,13,11.197860962566844,44,7.333333333333333,69,1,9.40909090909091,153,25.5,233,13,9.137254901960784,122,20.333333333333332,178,16,8.754098360655739
Noor Ahmad,827,137.83333333333334,1088,48,7.893591293833131,27.327690447400244,449,74.83333333333333,553,27,7.389755011135858,378,63.0,535,21,8.492063492063492,56,9.333333333333334,77,2,8.25,35.714285714285715,634,105.66666666666667,833,33,7.883280757097792,26.025236593059937,137,22.833333333333332,178,13,7.795620437956205,29.927007299270077,28,20,33,692,31,5.166666666666667,50,1,9.67741935483871,343,57.166666666666664,403,18,7.049562682215743,75,12.5,100,8,8.0,25,4.166666666666667,27,1,6.4799999999999995,291,48.5,430,15,8.8659793814433,62,10.333333333333334,78,5,7.548387096774193
PWH de Silva,808,134.66666666666666,1134,47,8.42079207920792,26.856435643564357,368,61.333333333333336,464,22,7.565217391304348,440,73.33333333333333,670,25,9.136363636363637,60,10.0,99,4,9.9,36.666666666666664,626,104.33333333333333,865,31,8.29073482428115,25.878594249201274,122,20.333333333333332,170,12,8.360655737704919,27.049180327868854,28,19,27,817,18,3.0,29,0,9.666666666666666,288,48.0,353,14,7.354166666666667,62,10.333333333333334,82,8,7.935483870967741,42,7.0,70,4,10.0,338,56.333333333333336,512,17,9.088757396449704,60,10.0,88,4,8.8
Mustafizur Rahman,859,143.16666666666666,1186,46,8.284051222351572,28.637951105937137,474,79.0,649,30,8.215189873417721,385,64.16666666666667,537,16,8.368831168831168,322,53.666666666666664,406,11,7.565217391304349,36.024844720496894,164,27.333333333333332,197,9,7.207317073170732,30.48780487804878,373,62.166666666666664,583,26,9.378016085790884,21.447721179624665,27,19,30,734,168,28.0,206,8,7.357142857142857,82,13.666666666666666,100,5,7.317073170731708,224,37.333333333333336,343,17,9.1875,154,25.666666666666668,200,3,7.792207792207792,82,13.666666666666666,97,4,7.097560975609756,149,24.833333333333332,240,9,9.664429530201343
Mukesh Kumar,675,112.5,1118,45,9.937777777777777,25.333333333333336,390,65.0,612,26,9.415384615384616,285,47.5,506,19,10.652631578947368,275,45.833333333333336,396,10,8.639999999999999,36.0,140,23.333333333333332,206,11,8.82857142857143,21.428571428571427,260,43.333333333333336,516,24,11.907692307692306,16.153846153846153,28,17,26,736,178,29.666666666666668,247,6,8.325842696629213,78,13.0,111,7,8.538461538461538,134,22.333333333333332,254,13,11.37313432835821,97,16.166666666666668,149,4,9.216494845360824,62,10.333333333333334,95,4,9.193548387096774,126,21.0,262,11,12.476190476190476
Yash Dayal,920,153.33333333333334,1412,45,9.208695652173912,28.804347826086957,454,75.66666666666667,670,18,8.854625550660792,466,77.66666666666667,742,27,9.553648068669528,454,75.66666666666667,701,17,9.26431718061674,35.68281938325991,214,35.666666666666664,289,9,8.102803738317757,28.037383177570092,252,42.0,422,19,10.047619047619047,17.063492063492063,38,7,29,1086,224,37.333333333333336,318,6,8.517857142857142,94,15.666666666666666,119,3,7.595744680851064,136,22.666666666666668,233,9,10.279411764705882,230,38.333333333333336,383,11,9.991304347826086,120,20.0,170,6,8.5,116,19.333333333333332,189,10,9.775862068965518
PP Chawla,738,123.0,1040,44,8.455284552845528,24.796747967479675,472,78.66666666666667,661,33,8.402542372881355,266,44.333333333333336,379,11,8.548872180451127,90,15.0,134,4,8.933333333333334,33.33333333333333,598,99.66666666666667,839,38,8.418060200668895,23.076923076923077,50,8.333333333333334,67,2,8.04,30.0,20,24,26,621,66,11.0,96,3,8.727272727272727,374,62.333333333333336,519,28,8.32620320855615,32,5.333333333333333,46,2,8.625,24,4.0,38,1,9.5,224,37.333333333333336,320,10,8.571428571428571,18,3.0,21,0,7.0
Harshit Rana,679,113.16666666666667,1047,42,9.251840942562591,30.338733431516935,336,56.0,505,20,9.017857142857142,343,57.166666666666664,542,22,9.481049562682216,308,51.333333333333336,481,17,9.370129870129869,37.33766233766234,205,34.166666666666664,309,11,9.043902439024391,25.365853658536587,166,27.666666666666668,257,14,9.289156626506024,23.49397590361446,28,14,31,803,135,22.5,216,8,9.6,113,18.833333333333332,158,6,8.389380530973451,88,14.666666666666666,131,6,8.931818181818182,173,28.833333333333332,265,9,9.190751445086706,92,15.333333333333334,151,5,9.847826086956522,78,13.0,126,8,9.692307692307692
HH Pandya,800,133.33333333333334,1201,39,9.007499999999999,27.625,486,81.0,753,28,9.296296296296296,314,52.333333333333336,448,11,8.560509554140127,236,39.333333333333336,349,8,8.872881355932202,38.983050847457626,455,75.83333333333333,639,17,8.426373626373627,25.71428571428571,109,18.166666666666668,213,14,11.724770642201834,11.009174311926607,17,22,28,814,111,18.5,184,5,9.945945945945946,300,50.0,407,13,8.14,75,12.5,162,10,12.96,125,20.833333333333332,165,3,7.920000000000001,155,25.833333333333332,232,4,8.980645161290322,34,5.666666666666667,51,4,9.0
DJ Bravo,585,97.5,747,39,7.661538461538462,23.247863247863247,256,42.666666666666664,326,17,7.640625,329,54.833333333333336,421,22,7.677811550151976,13,2.1666666666666665,19,0,8.76923076923077,46.15384615384615,287,47.833333333333336,333,11,6.961672473867596,26.480836236933797,285,47.5,395,28,8.31578947368421,18.947368421052634,20,19,27,492,7,1.1666666666666667,15,0,12.857142857142856,114,19.0,127,5,6.684210526315789,135,22.5,184,12,8.177777777777777,6,1.0,4,0,4.0,173,28.833333333333332,206,6,7.144508670520231,150,25.0,211,16,8.44
VG Arora,690,115.0,1029,39,8.947826086956521,29.130434782608695,329,54.833333333333336,443,17,8.0790273556231,361,60.166666666666664,586,22,9.739612188365651,455,75.83333333333333,630,18,8.307692307692308,34.72527472527472,85,14.166666666666666,153,5,10.8,18.823529411764707,150,25.0,246,16,9.84,18.0,24,15,25,708,202,33.666666666666664,259,6,7.693069306930694,42,7.0,52,4,7.428571428571429,85,14.166666666666666,132,7,9.31764705882353,253,42.166666666666664,371,12,8.798418972332016,43,7.166666666666667,101,1,14.093023255813954,65,10.833333333333334,114,9,10.523076923076923
M Jansen,787,131.16666666666666,1180,38,8.996188055908513,31.003811944091485,446,74.33333333333333,603,24,8.112107623318385,341,56.833333333333336,577,14,10.1524926686217,427,71.16666666666667,605,18,8.501170960187354,39.34426229508197,258,43.0,400,10,9.30232558139535,23.643410852713178,102,17.0,175,10,10.294117647058824,14.705882352941178,25,13,29,919,268,44.666666666666664,329,13,7.365671641791045,133,22.166666666666668,203,7,9.157894736842104,45,7.5,71,4,9.466666666666667,159,26.5,276,5,10.415094339622641,125,20.833333333333332,197,3,9.456000000000001,57,9.5,104,6,10.947368421052632
JD Unadkat,799,133.16666666666666,1178,38,8.846057571964957,24.405506883604506,433,72.16666666666667,575,24,7.967667436489607,366,61.0,603,14,9.885245901639344,295,49.166666666666664,385,7,7.830508474576272,36.271186440677965,323,53.833333333333336,455,13,8.452012383900929,17.647058823529413,181,30.166666666666668,338,18,11.204419889502763,17.12707182320442,19,19,19,664,171,28.5,184,4,6.456140350877193,173,28.833333333333332,230,8,7.976878612716764,89,14.833333333333334,161,12,10.853932584269662,124,20.666666666666668,201,3,9.725806451612902,150,25.0,225,5,9.0,92,15.333333333333334,177,6,11.543478260869565
MA Starc,506,84.33333333333333,852,37,10.102766798418973,29.64426877470356,261,43.5,421,24,9.67816091954023,245,40.833333333333336,431,13,10.555102040816326,332,55.333333333333336,569,17,10.283132530120481,33.734939759036145,48,8.0,60,2,7.5,31.25,126,21.0,223,18,10.619047619047619,18.253968253968253,30,7,29,703,176,29.333333333333332,307,12,10.465909090909092,24,4.0,19,2,4.75,61,10.166666666666666,95,10,9.344262295081968,156,26.0,262,5,10.076923076923077,24,4.0,41,0,10.25,65,10.833333333333334,128,8,11.815384615384614
M Theekshana,902,150.33333333333334,1226,36,8.15521064301552,24.833702882483372,499,83.16666666666667,715,19,8.597194388777554,403,67.16666666666667,511,17,7.607940446650123,320,53.333333333333336,452,10,8.475,28.4375,416,69.33333333333333,536,14,7.730769230769232,23.317307692307693,166,27.666666666666668,238,12,8.602409638554217,21.686746987951807,20,16,15,757,186,31.0,267,4,8.612903225806452,222,37.0,286,7,7.72972972972973,91,15.166666666666666,162,8,10.681318681318682,134,22.333333333333332,185,6,8.283582089552239,194,32.333333333333336,250,7,7.731958762886597,75,12.5,76,4,6.08
Harpreet Brar,796,132.66666666666666,1049,35,7.907035175879398,28.51758793969849,373,62.166666666666664,520,15,8.36461126005362,423,70.5,529,20,7.50354609929078,128,21.333333333333332,210,2,9.84375,35.15625,611,101.83333333333333,740,30,7.266775777414075,28.641571194762683,57,9.5,99,3,10.421052631578947,12.280701754385964,23,12,25,823,61,10.166666666666666,107,1,10.524590163934427,280,46.666666666666664,355,12,7.607142857142858,32,5.333333333333333,58,2,10.875,67,11.166666666666666,103,1,9.223880597014926,331,55.166666666666664,385,18,6.978851963746224,25,4.166666666666667,41,1,9.84
JC Archer,766,127.66666666666667,1020,34,7.9895561357702345,37.0757180156658,531,88.5,746,26,8.429378531073446,235,39.166666666666664,274,8,6.995744680851065,377,62.833333333333336,403,16,6.413793103448276,48.275862068965516,135,22.5,156,6,6.933333333333334,37.03703703703704,254,42.333333333333336,461,12,10.88976377952756,20.47244094488189,15,19,22,711,240,40.0,253,11,6.325,90,15.0,121,6,8.066666666666666,201,33.5,372,9,11.104477611940299,137,22.833333333333332,150,5,6.569343065693431,45,7.5,35,0,4.666666666666667,53,8.833333333333334,89,3,10.075471698113207
MM Ali,637,106.16666666666667,769,33,7.243328100470957,27.1585557299843,241,40.166666666666664,274,11,6.821576763485478,396,66.0,495,22,7.5,66,11.0,58,5,5.2727272727272725,42.42424242424242,533,88.83333333333333,674,26,7.587242026266417,25.14071294559099,38,6.333333333333333,37,2,5.842105263157895,28.947368421052634,20,13,22,590,30,5.0,17,2,3.4,205,34.166666666666664,254,8,7.434146341463415,6,1.0,3,1,3.0,36,6.0,41,3,6.833333333333333,328,54.666666666666664,420,18,7.682926829268293,32,5.333333333333333,34,1,6.375
R Sai Kishore,453,75.5,655,32,8.675496688741722,21.63355408388521,296,49.333333333333336,445,24,9.02027027027027,157,26.166666666666668,210,8,8.025477707006369,18,3.0,33,1,11.0,33.33333333333333,351,58.5,477,22,8.153846153846153,23.36182336182336,84,14.0,145,9,10.357142857142858,11.904761904761903,21,11,21,442,6,1.0,14,0,14.0,221,36.833333333333336,307,17,8.334841628959275,69,11.5,124,7,10.782608695652174,12,2.0,19,1,9.5,130,21.666666666666668,170,5,7.846153846153846,15,2.5,21,2,8.4
Umran Malik,519,86.5,785,31,9.07514450867052,33.52601156069364,333,55.5,505,18,9.0990990990991,186,31.0,280,13,9.03225806451613,32,5.333333333333333,95,0,17.8125,18.75,412,68.66666666666667,563,24,8.199029126213592,35.43689320388349,75,12.5,127,7,10.16,29.333333333333332,16,15,23,501,20,3.3333333333333335,57,0,17.099999999999998,270,45.0,379,14,8.422222222222222,43,7.166666666666667,69,4,9.627906976744185,12,2.0,38,0,19.0,142,23.666666666666668,184,10,7.774647887323943,32,5.333333333333333,58,3,10.875
MP Stoinis,544,90.66666666666667,895,30,9.871323529411764,21.323529411764707,279,46.5,456,11,9.806451612903226,265,44.166666666666664,439,19,9.939622641509434,113,18.833333333333332,151,7,8.017699115044248,24.778761061946902,318,53.0,512,10,9.660377358490566,23.270440251572328,113,18.833333333333332,232,13,12.318584070796462,12.389380530973451,20,10,18,511,62,10.333333333333334,78,3,7.548387096774193,162,27.0,269,2,9.962962962962964,55,9.166666666666666,109,6,11.890909090909092,51,8.5,73,4,8.588235294117647,156,26.0,243,8,9.346153846153847,58,9.666666666666666,123,7,12.724137931034484
KV Sharma,490,81.66666666666667,783,30,9.587755102040816,20.20408163265306,196,32.666666666666664,312,8,9.551020408163266,294,49.0,471,22,9.612244897959183,0,0.0,0,0,0.0,0.0,433,72.16666666666667,681,25,9.4364896073903,21.016166281755197,57,9.5,102,5,10.736842105263158,14.035087719298245,22,8,13,467,0,0.0,0,0,0.0,170,28.333333333333332,257,7,9.070588235294117,26,4.333333333333333,55,1,12.692307692307693,0,0.0,0,0,0.0,263,43.833333333333336,424,18,9.673003802281368,31,5.166666666666667,47,4,9.096774193548386
CH Morris,466,77.66666666666667,608,29,7.82832618025751,30.90128755364807,175,29.166666666666668,202,16,6.925714285714285,291,48.5,406,13,8.371134020618557,186,31.0,218,4,7.032258064516129,40.32258064516129,115,19.166666666666668,146,6,7.617391304347826,32.17391304347826,165,27.5,244,19,8.872727272727273,19.393939393939394,19,10,18,475,72,12.0,53,2,4.416666666666667,24,4.0,30,2,7.5,79,13.166666666666666,119,12,9.037974683544304,114,19.0,165,2,8.68421052631579,91,15.166666666666666,116,4,7.648351648351649,86,14.333333333333334,125,7,8.720930232558139
GJ Maxwell,615,102.5,807,28,7.873170731707317,28.292682926829265,298,49.666666666666664,407,12,8.194630872483222,317,52.833333333333336,400,16,7.570977917981073,200,33.333333333333336,257,10,7.709999999999999,32.5,382,63.666666666666664,487,17,7.649214659685864,27.486910994764397,33,5.5,63,1,11.454545454545455,12.121212121212121,22,6,12,554,105,17.5,127,5,7.257142857142857,182,30.333333333333332,261,6,8.604395604395604,11,1.8333333333333333,19,1,10.363636363636363,95,15.833333333333334,130,5,8.210526315789473,200,33.333333333333336,226,11,6.779999999999999,22,3.6666666666666665,44,0,12.0
Yash Thakur,475,79.16666666666667,782,28,9.877894736842105,23.57894736842105,228,38.0,366,9,9.631578947368421,247,41.166666666666664,416,19,10.105263157894738,114,19.0,184,7,9.68421052631579,35.96491228070175,164,27.333333333333332,252,5,9.219512195121952,20.121951219512198,197,32.833333333333336,346,16,10.538071065989847,19.289340101522843,21,7,11,450,42,7.0,50,4,7.142857142857143,83,13.833333333333334,127,0,9.180722891566266,103,17.166666666666668,189,5,11.009708737864077,72,12.0,134,3,11.166666666666666,81,13.5,125,5,9.25925925925926,94,15.666666666666666,157,11,10.02127659574468
Mohsin Khan,507,84.5,698,27,8.2603550295858,35.8974358974359,249,41.5,381,9,9.180722891566266,258,43.0,317,18,7.372093023255814,244,40.666666666666664,315,11,7.745901639344263,44.67213114754098,119,19.833333333333332,145,5,7.3109243697479,31.932773109243694,144,24.0,238,11,9.916666666666666,24.305555555555554,20,7,15,324,126,21.0,178,5,8.476190476190476,36,6.0,46,1,7.666666666666667,87,14.5,157,3,10.827586206896552,118,19.666666666666668,137,6,6.966101694915253,83,13.833333333333334,99,4,7.156626506024096,57,9.5,81,8,8.526315789473685
UT Yadav,588,98.0,841,27,8.581632653061224,36.904761904761905,375,62.5,549,15,8.784,213,35.5,292,12,8.225352112676056,407,67.83333333333333,526,15,7.754299754299755,44.717444717444714,141,23.5,235,9,10.0,21.98581560283688,40,6.666666666666667,80,3,12.0,10.0,16,11,20,524,248,41.333333333333336,323,8,7.814516129032258,93,15.5,158,6,10.193548387096774,34,5.666666666666667,68,1,12.0,159,26.5,203,7,7.660377358490566,48,8.0,77,3,9.625,6,1.0,12,2,12.0
I Sharma,548,91.33333333333333,810,27,8.868613138686133,29.014598540145986,344,57.333333333333336,516,15,9.0,204,34.0,294,12,8.647058823529411,336,56.0,461,16,8.232142857142858,38.095238095238095,117,19.5,182,5,9.333333333333334,17.094017094017094,95,15.833333333333334,167,6,10.547368421052632,11.578947368421053,18,9,15,416,200,33.333333333333336,276,9,8.28,70,11.666666666666666,107,3,9.171428571428573,74,12.333333333333334,133,3,10.783783783783782,136,22.666666666666668,185,7,8.161764705882353,47,7.833333333333333,75,2,9.574468085106384,21,3.5,34,3,9.714285714285714
Shivam Mavi,508,84.66666666666667,685,26,8.090551181102361,33.07086614173229,327,54.5,460,13,8.440366972477063,181,30.166666666666668,225,13,7.458563535911602,230,38.333333333333336,296,8,7.721739130434782,41.73913043478261,118,19.666666666666668,133,6,6.762711864406779,36.440677966101696,160,26.666666666666668,256,12,9.6,18.125,16,10,14,473,129,21.5,165,3,7.674418604651163,69,11.5,79,2,6.869565217391305,129,21.5,216,8,10.046511627906977,101,16.833333333333332,131,5,7.782178217821783,49,8.166666666666666,54,4,6.612244897959184,31,5.166666666666667,40,4,7.741935483870967
Akash Madhwal,376,62.666666666666664,598,26,9.542553191489363,21.27659574468085,251,41.833333333333336,441,11,10.541832669322709,125,20.833333333333332,157,15,7.5360000000000005,79,13.166666666666666,105,5,7.974683544303798,40.50632911392405,142,23.666666666666668,233,10,9.84507042253521,14.084507042253522,155,25.833333333333332,260,11,10.064516129032258,18.064516129032256,19,7,15,387,36,6.0,60,1,10.0,94,15.666666666666666,177,2,11.297872340425533,121,20.166666666666668,204,8,10.115702479338843,43,7.166666666666667,45,4,6.27906976744186,48,8.0,56,8,7.0,34,5.666666666666667,56,3,9.88235294117647
Naveen-ul-Haq,407,67.83333333333333,602,26,8.874692874692876,26.289926289926292,177,29.5,246,17,8.338983050847459,230,38.333333333333336,356,9,9.28695652173913,145,24.166666666666668,232,6,9.6,33.10344827586207,88,14.666666666666666,104,8,7.090909090909091,27.27272727272727,174,29.0,266,12,9.172413793103448,20.114942528735632,10,16,4,204,61,10.166666666666666,99,5,9.737704918032787,39,6.5,43,6,6.615384615384615,77,12.833333333333334,104,6,8.103896103896103,84,14.0,133,1,9.5,49,8.166666666666666,61,2,7.469387755102042,97,16.166666666666668,162,6,10.02061855670103
Washington Sundar,773,128.83333333333334,989,24,7.676584734799482,28.46054333764554,325,54.166666666666664,392,10,7.236923076923078,448,74.66666666666667,597,14,7.9955357142857135,237,39.5,338,9,8.556962025316455,35.86497890295359,473,78.83333333333333,539,12,6.837209302325582,25.792811839323466,63,10.5,112,3,10.666666666666666,20.634920634920633,14,10,16,639,97,16.166666666666668,134,3,8.288659793814432,198,33.0,193,6,5.848484848484849,30,5.0,65,1,13.0,140,23.333333333333332,204,6,8.742857142857144,275,45.833333333333336,346,6,7.549090909090909,33,5.5,47,2,8.545454545454545
TG Southee,330,55.0,458,23,8.327272727272728,29.393939393939394,200,33.333333333333336,306,17,9.18,130,21.666666666666668,152,6,7.015384615384615,146,24.333333333333332,195,7,8.013698630136986,43.15068493150685,69,11.5,90,4,7.826086956521739,24.637681159420293,115,19.166666666666668,173,12,9.02608695652174,14.782608695652174,12,11,15,315,80,13.333333333333334,110,5,8.25,43,7.166666666666667,66,3,9.209302325581396,77,12.833333333333334,130,9,10.12987012987013,66,11.0,85,2,7.7272727272727275,26,4.333333333333333,24,1,5.538461538461539,38,6.333333333333333,43,3,6.7894736842105265
Shahbaz Ahmed,605,100.83333333333333,953,22,9.451239669421488,21.487603305785125,250,41.666666666666664,380,6,9.120000000000001,355,59.166666666666664,573,16,9.684507042253522,153,25.5,246,2,9.647058823529411,28.75816993464052,410,68.33333333333333,654,15,9.570731707317075,20.0,42,7.0,53,5,7.571428571428571,9.523809523809524,14,8,15,550,61,10.166666666666666,84,0,8.262295081967213,171,28.5,264,6,9.263157894736842,18,3.0,32,0,10.666666666666666,92,15.333333333333334,162,2,10.565217391304348,239,39.833333333333336,390,9,9.790794979079497,24,4.0,21,5,5.25
MJ Santner,529,88.16666666666667,650,22,7.372400756143667,28.733459357277884,270,45.0,331,9,7.355555555555555,259,43.166666666666664,319,13,7.389961389961391,114,19.0,147,0,7.7368421052631575,42.10526315789473,377,62.833333333333336,438,19,6.970822281167108,26.525198938992045,38,6.333333333333333,65,3,10.263157894736842,10.526315789473683,16,6,15,540,60,10.0,80,0,8.0,194,32.333333333333336,230,8,7.11340206185567,16,2.6666666666666665,21,1,7.875,54,9.0,67,0,7.444444444444445,183,30.5,208,11,6.819672131147541,22,3.6666666666666665,44,2,12.0
CJ Jordan,496,82.66666666666667,789,21,9.544354838709676,25.201612903225808,265,44.166666666666664,415,13,9.39622641509434,231,38.5,374,8,9.714285714285714,98,16.333333333333332,150,3,9.183673469387756,38.775510204081634,173,28.833333333333332,230,5,7.976878612716764,24.85549132947977,225,37.5,409,13,10.906666666666666,19.555555555555557,14,7,16,613,50,8.333333333333334,65,1,7.8,87,14.5,105,3,7.241379310344827,128,21.333333333333332,245,9,11.484375,48,8.0,85,2,10.625,86,14.333333333333334,125,2,8.720930232558139,97,16.166666666666668,164,4,10.144329896907216
M Markande,432,72.0,646,21,8.972222222222221,22.916666666666664,255,42.5,380,9,8.941176470588236,177,29.5,266,12,9.016949152542374,0,0.0,0,0,0.0,0.0,375,62.5,529,19,8.464,22.666666666666664,57,9.5,117,2,12.31578947368421,24.561403508771928,13,8,14,426,0,0.0,0,0,0.0,224,37.333333333333336,308,9,8.25,31,5.166666666666667,72,0,13.935483870967742,0,0.0,0,0,0.0,151,25.166666666666668,221,10,8.781456953642383,26,4.333333333333333,45,2,10.384615384615385
Vijaykumar Vyshak,356,59.333333333333336,577,21,9.724719101123595,20.50561797752809,171,28.5,295,11,10.350877192982455,185,30.833333333333332,282,10,9.145945945945947,44,7.333333333333333,66,2,9.0,29.545454545454547,223,37.166666666666664,336,11,9.04035874439462,20.179372197309416,89,14.833333333333334,175,8,11.797752808988763,16.853932584269664,12,9,14,374,12,2.0,22,0,11.0,118,19.666666666666668,183,6,9.305084745762711,41,6.833333333333333,90,5,13.170731707317074,32,5.333333333333333,44,2,8.25,105,17.5,153,5,8.742857142857142,48,8.0,85,3,10.625
RP Meredith,415,69.16666666666667,621,21,8.978313253012047,30.361445783132528,229,38.166666666666664,357,13,9.353711790393014,186,31.0,264,8,8.516129032258064,114,19.0,158,2,8.31578947368421,40.35087719298245,157,26.166666666666668,219,5,8.369426751592357,31.84713375796178,144,24.0,244,14,10.166666666666666,20.833333333333336,14,7,17,465,52,8.666666666666666,70,1,8.076923076923077,75,12.5,113,2,9.04,102,17.0,174,10,10.235294117647058,62,10.333333333333334,88,1,8.516129032258064,82,13.666666666666666,106,3,7.75609756097561,42,7.0,70,4,10.0
C Green,462,77.0,675,20,8.766233766233766,28.354978354978357,245,40.833333333333336,400,8,9.795918367346939,217,36.166666666666664,275,12,7.603686635944701,104,17.333333333333332,143,3,8.25,36.53846153846153,257,42.833333333333336,338,12,7.891050583657587,28.01556420233463,101,16.833333333333332,194,5,11.524752475247526,20.792079207920793,10,10,14,481,83,13.833333333333334,114,3,8.240963855421686,124,20.666666666666668,193,2,9.338709677419354,38,6.333333333333333,93,3,14.68421052631579,21,3.5,29,0,8.285714285714286,133,22.166666666666668,145,10,6.541353383458646,63,10.5,101,2,9.619047619047619
Suyash Sharma,569,94.83333333333333,835,20,8.804920913884008,28.119507908611602,276,46.0,419,11,9.108695652173912,293,48.833333333333336,416,9,8.51877133105802,18,3.0,22,3,7.333333333333333,22.22222222222222,476,79.33333333333333,685,15,8.634453781512606,29.6218487394958,75,12.5,128,2,10.24,20.0,15,5,12,623,0,0.0,0,0,0.0,226,37.666666666666664,336,9,8.920353982300886,50,8.333333333333334,83,2,9.959999999999999,18,3.0,22,3,7.333333333333333,250,41.666666666666664,349,6,8.376000000000001,25,4.166666666666667,45,0,10.799999999999999
NT Ellis,390,65.0,553,20,8.507692307692308,25.128205128205128,149,24.833333333333332,239,7,9.624161073825503,241,40.166666666666664,314,13,7.817427385892117,103,17.166666666666668,121,4,7.048543689320388,39.80582524271845,145,24.166666666666668,182,6,7.531034482758621,22.758620689655174,142,23.666666666666668,250,10,10.56338028169014,16.901408450704224,14,6,16,411,36,6.0,54,0,9.0,45,7.5,63,2,8.4,68,11.333333333333334,122,5,10.76470588235294,67,11.166666666666666,67,4,6.0,100,16.666666666666668,119,4,7.14,74,12.333333333333334,128,5,10.378378378378377
C Sakariya,479,79.83333333333333,649,20,8.129436325678498,26.304801670146137,325,54.166666666666664,439,17,8.104615384615386,154,25.666666666666668,210,3,8.181818181818182,206,34.333333333333336,227,6,6.6116504854368925,39.80582524271845,128,21.333333333333332,185,6,8.671875,18.75,145,24.166666666666668,237,8,9.806896551724137,13.793103448275861,6,14,11,386,138,23.0,138,5,6.0,76,12.666666666666666,114,4,9.0,111,18.5,187,8,10.108108108108109,68,11.333333333333334,89,1,7.852941176470588,52,8.666666666666666,71,2,8.192307692307693,34,5.666666666666667,50,0,8.823529411764705
M Ashwin,466,77.66666666666667,626,20,8.06008583690987,28.32618025751073,185,30.833333333333332,252,7,8.172972972972973,281,46.833333333333336,374,13,7.98576512455516,73,12.166666666666666,98,2,8.054794520547945,45.20547945205479,339,56.5,450,15,7.964601769911504,25.958702064896755,54,9.0,78,3,8.666666666666666,20.37037037037037,10,10,15,493,25,4.166666666666667,44,0,10.559999999999999,135,22.5,176,7,7.822222222222222,25,4.166666666666667,32,0,7.68,48,8.0,54,2,6.75,204,34.0,274,8,8.058823529411764,29,4.833333333333333,46,3,9.517241379310345
R Tewatia,565,94.16666666666667,760,20,8.070796460176991,24.24778761061947,313,52.166666666666664,407,13,7.801916932907349,252,42.0,353,7,8.404761904761905,0,0.0,0,0,0.0,0.0,540,90.0,726,20,8.066666666666666,23.703703703703706,25,4.166666666666667,34,0,8.16,36.0,9,11,7,548,0,0.0,0,0,0.0,301,50.166666666666664,389,13,7.754152823920266,12,2.0,18,0,9.0,0,0.0,0,0,0.0,239,39.833333333333336,337,7,8.460251046025103,13,2.1666666666666665,16,0,7.384615384615385
L Ngidi,227,37.833333333333336,379,19,10.017621145374449,22.90748898678414,154,25.666666666666668,255,13,9.935064935064934,73,12.166666666666666,124,6,10.191780821917808,63,10.5,104,4,9.904761904761905,33.33333333333333,74,12.333333333333334,102,4,8.27027027027027,22.972972972972975,90,15.0,173,11,11.533333333333333,15.555555555555555,16,3,13,240,38,6.333333333333333,70,2,11.052631578947368,50,8.333333333333334,57,3,6.84,66,11.0,128,8,11.636363636363637,25,4.166666666666667,34,2,8.16,24,4.0,45,1,11.25,24,4.0,45,3,11.25
A Mishra,272,45.333333333333336,352,17,7.764705882352941,22.058823529411764,175,29.166666666666668,225,14,7.714285714285714,97,16.166666666666668,127,3,7.855670103092783,6,1.0,10,0,10.0,33.33333333333333,229,38.166666666666664,286,13,7.493449781659389,23.144104803493452,37,6.166666666666667,56,4,9.08108108108108,13.513513513513514,9,8,12,236,6,1.0,10,0,10.0,138,23.0,170,10,7.391304347826087,31,5.166666666666667,45,4,8.709677419354838,0,0.0,0,0,0.0,91,15.166666666666666,116,3,7.648351648351649,6,1.0,11,0,11.0
JP Behrendorff,262,43.666666666666664,395,17,9.045801526717558,27.480916030534353,157,26.166666666666668,233,12,8.904458598726114,105,17.5,162,5,9.257142857142858,165,27.5,214,8,7.781818181818182,35.15151515151515,39,6.5,71,1,10.923076923076923,12.82051282051282,58,9.666666666666666,110,8,11.379310344827587,15.517241379310345,11,6,15,270,93,15.5,118,4,7.612903225806452,20,3.3333333333333335,37,1,11.1,44,7.333333333333333,78,7,10.636363636363637,72,12.0,96,4,8.0,19,3.1666666666666665,34,0,10.736842105263158,14,2.3333333333333335,32,1,13.714285714285714
Mukesh Choudhary,334,55.666666666666664,523,17,9.395209580838324,34.13173652694611,128,21.333333333333332,208,5,9.75,206,34.333333333333336,315,12,9.174757281553397,232,38.666666666666664,349,12,9.025862068965518,39.224137931034484,46,7.666666666666667,62,3,8.08695652173913,30.434782608695656,56,9.333333333333334,112,2,12.0,16.071428571428573,10,7,12,338,96,16.0,152,5,9.5,14,2.3333333333333335,24,0,10.285714285714285,18,3.0,32,0,10.666666666666666,136,22.666666666666668,197,7,8.691176470588236,32,5.333333333333333,38,3,7.125,38,6.333333333333333,80,2,12.631578947368421
MR Marsh,266,44.333333333333336,383,17,8.639097744360901,19.548872180451127,164,27.333333333333332,234,15,8.560975609756097,102,17.0,149,2,8.764705882352942,35,5.833333333333333,37,2,6.342857142857143,34.285714285714285,184,30.666666666666668,248,11,8.08695652173913,18.478260869565215,47,7.833333333333333,98,4,12.51063829787234,12.76595744680851,5,12,9,203,17,2.8333333333333335,20,2,7.0588235294117645,113,18.833333333333332,152,9,8.070796460176991,34,5.666666666666667,62,4,10.941176470588236,18,3.0,17,0,5.666666666666667,71,11.833333333333334,96,2,8.112676056338028,13,2.1666666666666665,36,0,16.615384615384617
Kartik Tyagi,458,76.33333333333333,720,16,9.43231441048035,29.03930131004367,291,48.5,448,12,9.237113402061855,167,27.833333333333332,272,4,9.77245508982036,168,28.0,274,5,9.785714285714286,33.92857142857143,160,26.666666666666668,224,3,8.4,29.375,130,21.666666666666668,222,8,10.246153846153845,22.30769230769231,7,9,9,405,93,15.5,143,5,9.225806451612904,102,17.0,141,1,8.294117647058824,96,16.0,164,6,10.25,75,12.5,131,0,10.48,58,9.666666666666666,83,2,8.586206896551724,34,5.666666666666667,58,2,10.235294117647058
AS Joseph,399,66.5,618,16,9.293233082706767,30.82706766917293,257,42.833333333333336,386,13,9.011673151750973,142,23.666666666666668,232,3,9.80281690140845,89,14.833333333333334,148,1,9.97752808988764,44.9438202247191,184,30.666666666666668,265,6,8.641304347826086,32.065217391304344,126,21.0,205,9,9.761904761904763,19.047619047619047,13,3,16,547,51,8.5,90,1,10.588235294117647,117,19.5,159,5,8.153846153846153,89,14.833333333333334,137,7,9.235955056179774,38,6.333333333333333,58,0,9.157894736842106,67,11.166666666666666,106,1,9.492537313432836,37,6.166666666666667,68,2,11.027027027027026
PVD Chameera,408,68.0,640,15,9.411764705882353,32.35294117647059,219,36.5,380,5,10.41095890410959,189,31.5,260,10,8.253968253968255,204,34.0,314,7,9.235294117647058,40.19607843137255,93,15.5,129,1,8.32258064516129,25.806451612903224,111,18.5,197,7,10.64864864864865,23.423423423423422,8,7,6,362,110,18.333333333333332,189,2,10.30909090909091,55,9.166666666666666,81,1,8.836363636363638,54,9.0,110,2,12.222222222222221,94,15.666666666666666,125,5,7.9787234042553195,38,6.333333333333333,48,0,7.578947368421053,57,9.5,87,5,9.157894736842104
DR Sams,389,64.83333333333333,528,15,8.143958868894602,32.904884318766065,263,43.833333333333336,328,9,7.482889733840304,126,21.0,200,6,9.523809523809524,192,32.0,214,8,6.6875,41.66666666666667,127,21.166666666666668,163,5,7.700787401574803,26.77165354330709,70,11.666666666666666,151,2,12.942857142857143,20.0,6,9,12,362,127,21.166666666666668,142,5,6.708661417322834,91,15.166666666666666,107,3,7.054945054945056,45,7.5,79,1,10.533333333333333,65,10.833333333333334,72,3,6.646153846153846,36,6.0,56,2,9.333333333333334,25,4.166666666666667,72,1,17.279999999999998
G Coetzee,292,48.666666666666664,490,15,10.068493150684931,25.684931506849317,166,27.666666666666668,290,6,10.481927710843372,126,21.0,200,9,9.523809523809524,73,12.166666666666666,120,3,9.863013698630137,36.986301369863014,113,18.833333333333332,187,5,9.929203539823009,23.893805309734514,106,17.666666666666668,183,7,10.358490566037736,19.81132075471698,9,6,8,210,38,6.333333333333333,63,1,9.947368421052632,63,10.5,104,4,9.904761904761905,65,10.833333333333334,123,1,11.353846153846153,35,5.833333333333333,57,2,9.771428571428572,50,8.333333333333334,83,1,9.959999999999999,41,6.833333333333333,60,6,8.78048780487805
E Malinga,165,27.5,244,14,8.872727272727273,23.636363636363637,74,12.333333333333334,103,5,8.35135135135135,91,15.166666666666666,141,9,9.296703296703297,24,4.0,55,0,13.75,20.833333333333336,82,13.666666666666666,100,6,7.317073170731708,25.609756097560975,59,9.833333333333334,89,8,9.050847457627118,22.033898305084744,10,4,7,143,6,1.0,12,0,12.0,44,7.333333333333333,52,3,7.090909090909091,24,4.0,39,2,9.75,18,3.0,43,0,14.333333333333334,38,6.333333333333333,48,3,7.578947368421053,35,5.833333333333333,50,6,8.571428571428571
S Gopal,407,67.83333333333333,614,14,9.051597051597053,24.078624078624077,274,45.666666666666664,414,10,9.065693430656935,133,22.166666666666668,200,4,9.022556390977444,72,12.0,93,2,7.75,34.72222222222222,329,54.833333333333336,514,12,9.37386018237082,22.188449848024316,6,1.0,7,0,7.0,0.0,6,8,8,394,24,4.0,31,0,7.75,250,41.666666666666664,383,10,9.192,0,0.0,0,0,0.0,48,8.0,62,2,7.75,79,13.166666666666666,131,2,9.949367088607595,6,1.0,7,0,7.0
DS Rathi,321,53.5,435,14,8.130841121495328,25.233644859813083,98,16.333333333333332,164,5,10.040816326530614,223,37.166666666666664,271,9,7.291479820627803,94,15.666666666666666,128,2,8.170212765957448,29.78723404255319,164,27.333333333333332,209,8,7.646341463414634,25.609756097560975,63,10.5,98,4,9.333333333333334,17.46031746031746,4,10,11,341,25,4.166666666666667,43,0,10.319999999999999,48,8.0,73,2,9.125,25,4.166666666666667,48,3,11.52,69,11.5,85,2,7.391304347826087,116,19.333333333333332,136,6,7.03448275862069,38,6.333333333333333,50,1,7.894736842105264
KR Sen,255,42.5,396,14,9.31764705882353,27.058823529411764,100,16.666666666666668,179,4,10.739999999999998,155,25.833333333333332,217,10,8.4,44,7.333333333333333,66,2,9.0,27.27272727272727,146,24.333333333333332,192,8,7.89041095890411,29.45205479452055,65,10.833333333333334,138,4,12.738461538461538,21.53846153846154,8,6,9,325,31,5.166666666666667,57,1,11.032258064516128,45,7.5,59,2,7.866666666666666,24,4.0,63,1,15.75,13,2.1666666666666665,9,1,4.153846153846154,101,16.833333333333332,133,6,7.900990099009902,41,6.833333333333333,75,3,10.975609756097562
KA Pollard,310,51.666666666666664,415,14,8.03225806451613,20.64516129032258,132,22.0,181,8,8.227272727272727,178,29.666666666666668,234,6,7.8876404494382015,0,0.0,0,0,0.0,0.0,255,42.5,320,11,7.529411764705882,20.784313725490197,55,9.166666666666666,95,3,10.363636363636365,20.0,10,4,8,215,0,0.0,0,0,0.0,107,17.833333333333332,126,7,7.065420560747664,25,4.166666666666667,55,1,13.2,0,0.0,0,0,0.0,148,24.666666666666668,194,4,7.864864864864865,30,5.0,40,2,8.0
KA Jamieson,273,45.5,418,14,9.186813186813186,32.6007326007326,165,27.5,238,8,8.654545454545454,108,18.0,180,6,10.0,158,26.333333333333332,221,6,8.39240506329114,38.607594936708864,54,9.0,74,5,8.222222222222221,35.18518518518518,61,10.166666666666666,123,3,12.098360655737705,14.754098360655737,8,6,9,292,81,13.5,94,3,6.962962962962963,42,7.0,62,4,8.857142857142858,42,7.0,82,1,11.714285714285714,77,12.833333333333334,127,3,9.896103896103895,12,2.0,12,1,6.0,19,3.1666666666666665,41,2,12.947368421052632
NM Coulter-Nile,306,51.0,386,13,7.568627450980392,35.62091503267974,164,27.333333333333332,189,10,6.914634146341464,142,23.666666666666668,197,3,8.32394366197183,76,12.666666666666666,92,3,7.2631578947368425,43.42105263157895,117,19.5,130,3,6.666666666666667,37.60683760683761,113,18.833333333333332,164,7,8.707964601769913,28.31858407079646,12,1,11,270,39,6.5,43,2,6.615384615384615,68,11.333333333333334,66,3,5.823529411764706,57,9.5,80,5,8.421052631578947,37,6.166666666666667,49,1,7.945945945945946,49,8.166666666666666,64,0,7.836734693877552,56,9.333333333333334,84,2,9.0
J Little,236,39.333333333333336,341,13,8.669491525423728,29.66101694915254,141,23.5,177,7,7.531914893617022,95,15.833333333333334,164,6,10.357894736842105,80,13.333333333333334,122,3,9.15,38.75,99,16.5,129,8,7.818181818181818,27.27272727272727,57,9.5,90,2,9.473684210526315,21.052631578947366,8,5,12,267,50,8.333333333333334,60,1,7.199999999999999,54,9.0,52,4,5.777777777777778,37,6.166666666666667,65,2,10.54054054054054,30,5.0,62,2,12.4,45,7.5,77,4,10.266666666666667,20,3.3333333333333335,25,0,7.5
LS Livingstone,315,52.5,458,13,8.723809523809523,20.634920634920633,152,25.333333333333332,214,5,8.447368421052632,163,27.166666666666668,244,8,8.98159509202454,18,3.0,17,1,5.666666666666667,38.88888888888889,271,45.166666666666664,413,11,9.143911439114392,17.712177121771216,26,4.333333333333333,28,1,6.461538461538462,38.46153846153847,6,7,5,299,18,3.0,17,1,5.666666666666667,121,20.166666666666668,186,4,9.223140495867767,13,2.1666666666666665,11,0,5.0769230769230775,0,0.0,0,0,0.0,150,25.0,227,7,9.08,13,2.1666666666666665,17,1,7.846153846153847
A Zampa,250,41.666666666666664,375,13,9.0,22.400000000000002,90,15.0,110,5,7.333333333333333,160,26.666666666666668,265,8,9.9375,36,6.0,39,3,6.5,33.33333333333333,171,28.5,237,7,8.31578947368421,22.807017543859647,43,7.166666666666667,99,3,13.813953488372093,11.627906976744185,8,5,7,279,24,4.0,23,2,5.75,48,8.0,64,0,8.0,18,3.0,23,3,7.666666666666667,12,2.0,16,1,8.0,123,20.5,173,7,8.439024390243903,25,4.166666666666667,76,0,18.24
K Kartikeya,290,48.333333333333336,412,12,8.524137931034483,25.17241379310345,191,31.833333333333332,266,7,8.356020942408378,99,16.5,146,5,8.848484848484848,6,1.0,16,1,16.0,16.666666666666664,258,43.0,347,11,8.069767441860465,25.1937984496124,26,4.333333333333333,49,0,11.307692307692308,26.923076923076923,7,5,6,245,6,1.0,16,1,16.0,173,28.833333333333332,226,6,7.838150289017341,12,2.0,24,0,12.0,0,0.0,0,0,0.0,85,14.166666666666666,121,5,8.541176470588235,14,2.3333333333333335,25,0,10.714285714285714
Simarjeet Singh,256,42.666666666666664,411,12,9.6328125,35.546875,99,16.5,174,4,10.545454545454545,157,26.166666666666668,237,8,9.05732484076433,131,21.833333333333332,215,5,9.84732824427481,39.69465648854962,85,14.166666666666666,132,5,9.31764705882353,35.294117647058826,40,6.666666666666667,64,2,9.6,22.5,9,3,5,190,25,4.166666666666667,48,0,11.52,47,7.833333333333333,74,3,9.446808510638299,27,4.5,52,1,11.555555555555555,106,17.666666666666668,167,5,9.452830188679245,38,6.333333333333333,58,2,9.157894736842106,13,2.1666666666666665,12,1,5.538461538461539
Arshad Khan,289,48.166666666666664,502,12,10.422145328719724,26.989619377162633,187,31.166666666666668,335,10,10.748663101604278,102,17.0,167,2,9.823529411764707,206,34.333333333333336,326,7,9.495145631067961,32.038834951456316,20,3.3333333333333335,32,2,9.6,20.0,63,10.5,144,3,13.714285714285714,12.698412698412698,8,4,9,348,120,20.0,199,6,9.95,14,2.3333333333333335,23,1,9.857142857142856,53,8.833333333333334,113,3,12.792452830188678,86,14.333333333333334,127,1,8.86046511627907,6,1.0,9,1,9.0,10,1.6666666666666667,31,0,18.599999999999998
Azmatullah Omarzai,300,50.0,476,12,9.52,27.666666666666668,151,25.166666666666668,222,5,8.821192052980132,149,24.833333333333332,254,7,10.228187919463087,168,28.0,266,3,9.5,36.30952380952381,84,14.0,114,6,8.142857142857142,19.047619047619047,48,8.0,96,3,12.0,12.5,10,2,10,411,87,14.5,128,1,8.827586206896552,46,7.666666666666667,60,2,7.826086956521739,18,3.0,34,2,11.333333333333334,81,13.5,138,2,10.222222222222221,38,6.333333333333333,54,4,8.526315789473685,30,5.0,62,1,12.4
V Nigam,244,40.666666666666664,361,12,8.87704918032787,25.0,156,26.0,234,9,9.0,88,14.666666666666666,127,3,8.65909090909091,50,8.333333333333334,76,5,9.12,36.0,155,25.833333333333332,248,5,9.6,20.64516129032258,39,6.5,37,2,5.6923076923076925,28.205128205128204,7,5,10,308,31,5.166666666666667,39,3,7.548387096774193,92,15.333333333333334,169,4,11.021739130434781,33,5.5,26,2,4.7272727272727275,19,3.1666666666666665,37,2,11.68421052631579,63,10.5,79,1,7.523809523809524,6,1.0,11,0,11.0
R Shepherd,223,37.166666666666664,416,12,11.192825112107624,23.318385650224215,148,24.666666666666668,255,9,10.337837837837837,75,12.5,161,3,12.88,25,4.166666666666667,37,2,8.879999999999999,40.0,151,25.166666666666668,281,5,11.165562913907284,22.516556291390728,47,7.833333333333333,98,5,12.51063829787234,17.02127659574468,6,6,7,250,12,2.0,15,1,7.5,95,15.833333333333334,163,4,10.294736842105262,41,6.833333333333333,77,4,11.26829268292683,13,2.1666666666666665,22,1,10.153846153846155,56,9.333333333333334,118,1,12.642857142857142,6,1.0,21,1,21.0
Akash Deep,302,50.333333333333336,554,11,11.006622516556291,25.82781456953642,153,25.5,264,6,10.352941176470589,149,24.833333333333332,290,5,11.677852348993289,134,22.333333333333332,225,5,10.074626865671643,29.850746268656714,117,19.5,212,4,10.871794871794872,26.495726495726498,51,8.5,117,2,13.764705882352942,13.725490196078432,9,2,11,412,58,9.666666666666666,92,3,9.517241379310345,67,11.166666666666666,103,2,9.223880597014926,28,4.666666666666667,69,1,14.785714285714285,76,12.666666666666666,133,2,10.5,50,8.333333333333334,109,2,13.079999999999998,23,3.8333333333333335,48,1,12.521739130434781
OC McCoy,180,30.0,255,11,8.5,21.11111111111111,51,8.5,43,5,5.0588235294117645,129,21.5,212,6,9.86046511627907,12,2.0,14,0,7.0,41.66666666666667,97,16.166666666666668,144,3,8.90721649484536,15.463917525773196,71,11.833333333333334,97,8,8.197183098591548,25.352112676056336,10,1,8,163,0,0.0,0,0,0.0,26,4.333333333333333,23,2,5.307692307692308,25,4.166666666666667,20,3,4.8,12,2.0,14,0,7.0,71,11.833333333333334,121,1,10.225352112676056,46,7.666666666666667,77,5,10.043478260869565
Ashwani Kumar,132,22.0,234,11,10.636363636363637,18.181818181818183,52,8.666666666666666,106,6,12.230769230769232,80,13.333333333333334,128,5,9.6,31,5.166666666666667,61,3,11.806451612903226,22.58064516129032,57,9.5,78,4,8.210526315789474,15.789473684210526,44,7.333333333333333,95,4,12.954545454545455,18.181818181818183,8,3,10,205,25,4.166666666666667,52,2,12.479999999999999,14,2.3333333333333335,17,3,7.285714285714286,13,2.1666666666666665,37,1,17.076923076923077,6,1.0,9,1,9.0,43,7.166666666666667,61,1,8.511627906976743,31,5.166666666666667,58,3,11.225806451612902
Lalit Yadav,294,49.0,430,11,8.775510204081632,24.149659863945576,214,35.666666666666664,335,7,9.392523364485982,80,13.333333333333334,95,4,7.125,98,16.333333333333332,155,2,9.489795918367347,30.612244897959183,168,28.0,229,8,8.178571428571429,20.833333333333336,28,4.666666666666667,46,1,9.857142857142856,21.428571428571427,6,5,8,221,60,10.0,109,1,10.9,126,21.0,180,5,8.571428571428571,28,4.666666666666667,46,1,9.857142857142856,38,6.333333333333333,46,1,7.2631578947368425,42,7.0,49,3,7.0,0,0.0,0,0,0.0
JL Pattinson,222,37.0,321,11,8.675675675675675,29.72972972972973,63,10.5,123,0,11.714285714285714,159,26.5,198,11,7.471698113207547,107,17.833333333333332,149,4,8.355140186915888,36.44859813084112,75,12.5,112,3,8.96,22.666666666666664,40,6.666666666666667,60,4,9.0,25.0,8,3,3,219,38,6.333333333333333,63,0,9.947368421052632,19,3.1666666666666665,40,0,12.631578947368421,6,1.0,20,0,20.0,69,11.5,86,4,7.478260869565218,56,9.333333333333334,72,3,7.7142857142857135,34,5.666666666666667,40,4,7.0588235294117645
MA Wood,102,17.0,142,11,8.352941176470589,30.392156862745097,50,8.333333333333334,92,4,11.04,52,8.666666666666666,50,7,5.76923076923077,26,4.333333333333333,40,2,9.230769230769232,30.76923076923077,30,5.0,24,2,4.8,43.333333333333336,46,7.666666666666667,78,7,10.17391304347826,21.73913043478261,6,5,6,128,12,2.0,33,0,16.5,12,2.0,11,1,5.5,26,4.333333333333333,48,3,11.076923076923078,14,2.3333333333333335,7,2,3.0,18,3.0,13,1,4.333333333333333,20,3.3333333333333335,30,4,9.0
Abhishek Sharma,332,55.333333333333336,488,10,8.819277108433734,24.096385542168676,118,19.666666666666668,152,5,7.728813559322034,214,35.666666666666664,336,5,9.420560747663552,68,11.333333333333334,99,0,8.735294117647058,32.35294117647059,245,40.833333333333336,336,9,8.228571428571428,23.26530612244898,19,3.1666666666666665,53,1,16.736842105263158,5.263157894736842,6,4,5,300,31,5.166666666666667,39,0,7.548387096774193,87,14.5,113,5,7.793103448275862,0,0.0,0,0,0.0,37,6.166666666666667,60,0,9.72972972972973,158,26.333333333333332,223,4,8.468354430379748,19,3.1666666666666665,53,1,16.736842105263158
S Kaul,231,38.5,360,10,9.35064935064935,30.303030303030305,145,24.166666666666668,263,8,10.882758620689655,86,14.333333333333334,97,2,6.767441860465116,67,11.166666666666666,119,2,10.656716417910449,31.343283582089555,74,12.333333333333334,101,0,8.18918918918919,36.486486486486484,90,15.0,140,8,9.333333333333334,24.444444444444443,7,3,8,240,49,8.166666666666666,95,1,11.63265306122449,44,7.333333333333333,71,0,9.681818181818182,52,8.666666666666666,97,7,11.192307692307693,18,3.0,24,1,8.0,30,5.0,30,0,6.0,38,6.333333333333333,43,1,6.7894736842105265
Rasikh Salam,218,36.333333333333336,370,10,10.18348623853211,23.394495412844037,84,14.0,134,3,9.571428571428571,134,22.333333333333332,236,7,10.567164179104479,42,7.0,79,0,11.285714285714286,33.33333333333333,115,19.166666666666668,194,7,10.121739130434783,18.26086956521739,61,10.166666666666666,97,3,9.540983606557377,26.229508196721312,8,2,7,198,30,5.0,54,0,10.8,47,7.833333333333333,75,2,9.574468085106384,7,1.1666666666666667,5,1,4.285714285714286,12,2.0,25,0,12.5,68,11.333333333333334,119,5,10.5,54,9.0,92,2,10.222222222222221
A Kamboj,198,33.0,288,10,8.727272727272727,32.323232323232325,122,20.333333333333332,198,4,9.737704918032787,76,12.666666666666666,90,6,7.105263157894737,161,26.833333333333332,232,8,8.645962732919255,34.78260869565217,34,5.666666666666667,53,1,9.352941176470587,23.52941176470588,3,0.5,3,1,6.0,0.0,6,4,6,203,88,14.666666666666666,145,3,9.886363636363637,34,5.666666666666667,53,1,9.352941176470587,0,0.0,0,0,0.0,73,12.166666666666666,87,5,7.1506849315068495,0,0.0,0,0,0.0,3,0.5,3,1,6.0
MP Yadav,129,21.5,188,10,8.744186046511627,36.434108527131784,75,12.5,132,3,10.56,54,9.0,56,7,6.222222222222222,38,6.333333333333333,74,3,11.68421052631579,36.84210526315789,70,11.666666666666666,90,4,7.714285714285714,40.0,21,3.5,24,3,6.857142857142857,23.809523809523807,8,2,1,32,26,4.333333333333333,55,1,12.692307692307693,34,5.666666666666667,57,0,10.058823529411764,15,2.5,20,2,8.0,12,2.0,19,2,9.5,36,6.0,33,4,5.5,6,1.0,4,1,4.0
K Gowtham,233,38.833333333333336,333,9,8.575107296137338,32.61802575107296,120,20.0,177,5,8.85,113,18.833333333333332,156,4,8.283185840707965,68,11.333333333333334,120,2,10.588235294117647,38.23529411764706,147,24.5,168,7,6.857142857142857,31.292517006802722,18,3.0,45,0,15.0,22.22222222222222,4,5,7,247,24,4.0,49,0,12.25,84,14.0,87,5,6.214285714285714,12,2.0,41,0,20.5,44,7.333333333333333,71,2,9.681818181818182,63,10.5,81,2,7.714285714285714,6,1.0,4,0,4.0
V Shankar,166,27.666666666666668,197,9,7.120481927710843,28.915662650602407,125,20.833333333333332,149,7,7.152,41,6.833333333333333,48,2,7.024390243902439,11,1.8333333333333333,14,0,7.636363636363637,27.27272727272727,126,21.0,146,7,6.9523809523809526,30.158730158730158,29,4.833333333333333,37,2,7.655172413793104,24.137931034482758,5,4,7,143,11,1.8333333333333333,14,0,7.636363636363637,88,14.666666666666666,99,5,6.75,26,4.333333333333333,36,2,8.307692307692308,0,0.0,0,0,0.0,38,6.333333333333333,47,2,7.421052631578948,3,0.5,1,0,2.0
Akash Singh,208,34.666666666666664,326,9,9.403846153846155,30.76923076923077,103,17.166666666666668,158,5,9.20388349514563,105,17.5,168,4,9.6,147,24.5,223,6,9.10204081632653,39.455782312925166,49,8.166666666666666,76,2,9.306122448979593,12.244897959183673,12,2.0,27,1,13.5,0.0,4,5,5,206,72,12.0,101,3,8.416666666666666,19,3.1666666666666665,30,1,9.473684210526317,12,2.0,27,1,13.5,75,12.5,122,3,9.76,30,5.0,46,1,9.2,0,0.0,0,0,0.0
N Thushara,198,33.0,289,9,8.757575757575758,24.747474747474747,154,25.666666666666668,231,8,9.0,44,7.333333333333333,58,1,7.909090909090909,104,17.333333333333332,149,7,8.596153846153847,31.73076923076923,20,3.3333333333333335,33,0,9.9,20.0,74,12.333333333333334,107,2,8.675675675675675,16.216216216216218,1,8,2,187,73,12.166666666666666,102,6,8.383561643835616,20,3.3333333333333335,33,0,9.9,61,10.166666666666666,96,2,9.442622950819672,31,5.166666666666667,47,1,9.096774193548386,0,0.0,0,0,0.0,13,2.1666666666666665,11,0,5.0769230769230775
WD Parnell,157,26.166666666666668,237,9,9.05732484076433,29.29936305732484,48,8.0,83,1,10.375,109,18.166666666666668,154,8,8.477064220183486,104,17.333333333333332,142,6,8.192307692307693,37.5,24,4.0,47,1,11.75,12.5,29,4.833333333333333,48,2,9.931034482758621,13.793103448275861,5,4,4,166,30,5.0,55,0,11.0,6,1.0,7,0,7.0,12,2.0,21,1,10.5,74,12.333333333333334,87,6,7.0540540540540535,18,3.0,40,1,13.333333333333334,17,2.8333333333333335,27,1,9.529411764705882
J Suchith,157,26.166666666666668,207,8,7.910828025477707,32.48407643312102,113,18.833333333333332,123,7,6.5309734513274345,44,7.333333333333333,84,1,11.454545454545455,26,4.333333333333333,30,1,6.923076923076923,38.46153846153847,125,20.833333333333332,160,6,7.680000000000001,32.0,6,1.0,17,1,17.0,16.666666666666664,5,3,6,177,20,3.3333333333333335,15,1,4.5,87,14.5,91,5,6.275862068965517,6,1.0,17,1,17.0,6,1.0,15,0,15.0,38,6.333333333333333,69,1,10.894736842105264,0,0.0,0,0,0.0
Zeeshan Ansari,209,34.833333333333336,334,8,9.588516746411482,19.138755980861244,118,19.666666666666668,188,4,9.559322033898304,91,15.166666666666666,146,4,9.626373626373626,0,0.0,0,0,0.0,0.0,184,30.666666666666668,284,8,9.26086956521739,19.021739130434785,25,4.166666666666667,50,0,12.0,20.0,0,8,4,237,0,0.0,0,0,0.0,104,17.333333333333332,162,4,9.346153846153847,14,2.3333333333333335,26,0,11.142857142857142,0,0.0,0,0,0.0,80,13.333333333333334,122,4,9.15,11,1.8333333333333333,24,0,13.090909090909092
Yudhvir Singh,145,24.166666666666668,257,8,10.634482758620688,31.724137931034484,99,16.5,190,6,11.515151515151516,46,7.666666666666667,67,2,8.739130434782608,88,14.666666666666666,148,6,10.090909090909092,38.63636363636363,39,6.5,73,1,11.23076923076923,25.64102564102564,18,3.0,36,1,12.0,11.11111111111111,4,4,7,185,51,8.5,96,4,11.294117647058824,30,5.0,58,1,11.6,18,3.0,36,1,12.0,37,6.166666666666667,52,2,8.432432432432432,9,1.5,15,0,10.0,0,0.0,0,0,0.0
I Udana,182,30.333333333333332,286,8,9.428571428571429,20.32967032967033,76,12.666666666666666,133,3,10.5,106,17.666666666666668,153,5,8.660377358490566,57,9.5,104,2,10.947368421052632,24.561403508771928,62,10.333333333333334,87,3,8.419354838709676,22.58064516129032,63,10.5,95,3,9.047619047619047,14.285714285714285,4,4,5,194,26,4.333333333333333,55,1,12.692307692307693,18,3.0,24,1,8.0,32,5.333333333333333,54,1,10.125,31,5.166666666666667,49,1,9.483870967741934,44,7.333333333333333,63,2,8.590909090909092,31,5.166666666666667,41,2,7.935483870967741
WG Jacks,145,24.166666666666668,221,8,9.144827586206896,23.448275862068964,51,8.5,60,2,7.0588235294117645,94,15.666666666666666,161,6,10.27659574468085,37,6.166666666666667,60,2,9.72972972972973,27.027027027027028,101,16.833333333333332,149,6,8.851485148514852,22.772277227722775,7,1.1666666666666667,12,0,10.285714285714285,14.285714285714285,6,2,4,111,18,3.0,21,0,7.0,33,5.5,39,2,7.090909090909091,0,0.0,0,0,0.0,19,3.1666666666666665,39,2,12.31578947368421,68,11.333333333333334,110,4,9.705882352941176,7,1.1666666666666667,12,0,10.285714285714285
Nithish Kumar Reddy,152,25.333333333333332,255,8,10.06578947368421,21.052631578947366,43,7.166666666666667,91,4,12.69767441860465,109,18.166666666666668,164,4,9.027522935779816,19,3.1666666666666665,28,0,8.842105263157896,36.84210526315789,95,15.833333333333334,149,2,9.410526315789474,23.157894736842106,38,6.333333333333333,78,6,12.31578947368421,7.894736842105263,8,0,5,210,7,1.1666666666666667,9,0,7.7142857142857135,13,2.1666666666666665,28,0,12.923076923076923,23,3.8333333333333335,54,4,14.086956521739129,12,2.0,19,0,9.5,82,13.666666666666666,121,2,8.853658536585366,15,2.5,24,2,9.6
JDS Neesham,165,27.5,246,7,8.945454545454545,25.454545454545453,91,15.166666666666666,137,4,9.032967032967033,74,12.333333333333334,109,3,8.837837837837837,31,5.166666666666667,49,1,9.483870967741934,45.16129032258064,122,20.333333333333332,157,6,7.721311475409837,22.950819672131146,12,2.0,40,0,20.0,0.0,6,1,5,121,12,2.0,19,1,9.5,67,11.166666666666666,78,3,6.985074626865672,12,2.0,40,0,20.0,19,3.1666666666666665,30,0,9.473684210526317,55,9.166666666666666,79,3,8.618181818181819,0,0.0,0,0,0.0
D Pretorius,166,27.666666666666668,242,7,8.74698795180723,21.084337349397593,114,19.0,169,4,8.894736842105264,52,8.666666666666666,73,3,8.423076923076923,0,0.0,0,0,0.0,0.0,85,14.166666666666666,93,4,6.564705882352942,20.0,81,13.5,149,3,11.037037037037036,22.22222222222222,1,6,5,211,0,0.0,0,0,0.0,53,8.833333333333334,53,1,6.0,61,10.166666666666666,116,3,11.40983606557377,0,0.0,0,0,0.0,32,5.333333333333333,40,3,7.5,20,3.3333333333333335,33,0,9.9
AS Roy,152,25.333333333333332,207,7,8.171052631578947,29.605263157894733,54,9.0,61,1,6.777777777777778,98,16.333333333333332,146,6,8.938775510204083,54,9.0,90,2,10.0,31.48148148148148,86,14.333333333333334,105,4,7.325581395348837,30.23255813953488,12,2.0,12,1,6.0,16.666666666666664,4,3,7,180,24,4.0,27,0,6.75,30,5.0,34,1,6.8,0,0.0,0,0,0.0,30,5.0,63,2,12.6,56,9.333333333333334,71,3,7.607142857142857,12,2.0,12,1,6.0
NA Saini,316,52.666666666666664,447,7,8.487341772151899,34.49367088607595,125,20.833333333333332,207,2,9.936,191,31.833333333333332,240,5,7.539267015706806,120,20.0,139,3,6.95,43.333333333333336,109,18.166666666666668,161,2,8.862385321100916,33.94495412844037,87,14.5,147,2,10.137931034482758,22.988505747126435,6,1,5,260,45,7.5,63,2,8.4,49,8.166666666666666,81,0,9.918367346938776,31,5.166666666666667,63,0,12.193548387096774,75,12.5,76,1,6.08,60,10.0,80,2,8.0,56,9.333333333333334,84,2,9.0
TK Curran,188,31.333333333333332,314,7,10.02127659574468,18.617021276595743,97,16.166666666666668,155,3,9.587628865979381,91,15.166666666666666,159,4,10.483516483516484,32,5.333333333333333,44,0,8.25,43.75,64,10.666666666666666,79,4,7.40625,18.75,92,15.333333333333334,191,3,12.456521739130434,9.782608695652174,3,4,5,188,20,3.3333333333333335,16,0,4.8,19,3.1666666666666665,33,1,10.421052631578949,58,9.666666666666666,106,2,10.965517241379311,12,2.0,28,0,14.0,45,7.5,46,3,6.133333333333334,34,5.666666666666667,85,1,15.0
N Burger,105,17.5,152,7,8.685714285714285,37.142857142857146,51,8.5,67,3,7.882352941176471,54,9.0,85,4,9.444444444444445,62,10.333333333333334,105,4,10.161290322580644,40.32258064516129,24,4.0,34,2,8.5,16.666666666666664,19,3.1666666666666665,13,1,4.105263157894737,52.63157894736842,6,1,6,118,32,5.333333333333333,58,1,10.875,6,1.0,4,1,4.0,13,2.1666666666666665,5,1,2.307692307692308,30,5.0,47,3,9.4,18,3.0,30,1,10.0,6,1.0,8,0,8.0
OF Smith,95,15.833333333333334,179,7,11.305263157894736,29.47368421052631,25,4.166666666666667,53,0,12.719999999999999,70,11.666666666666666,126,7,10.8,18,3.0,21,1,7.0,50.0,57,9.5,112,2,11.789473684210526,29.82456140350877,20,3.3333333333333335,46,4,13.799999999999999,10.0,5,2,6,165,12,2.0,12,0,6.0,7,1.1666666666666667,23,0,19.71428571428571,6,1.0,18,0,18.0,6,1.0,9,1,9.0,50,8.333333333333334,89,2,10.68,14,2.3333333333333335,28,4,12.0
R Parag,225,37.5,357,7,9.52,18.22222222222222,154,25.666666666666668,227,6,8.844155844155845,71,11.833333333333334,130,1,10.985915492957746,6,1.0,6,0,6.0,50.0,204,34.0,320,7,9.411764705882353,18.137254901960784,15,2.5,31,0,12.4,6.666666666666667,1,6,5,239,0,0.0,0,0,0.0,146,24.333333333333332,214,6,8.794520547945206,8,1.3333333333333333,13,0,9.75,6,1.0,6,0,6.0,58,9.666666666666666,106,1,10.965517241379311,7,1.1666666666666667,18,0,15.428571428571427
R Dhawan,180,30.0,267,7,8.9,26.111111111111114,51,8.5,60,1,7.0588235294117645,129,21.5,207,6,9.627906976744185,80,13.333333333333334,119,3,8.924999999999999,38.75,93,15.5,133,3,8.580645161290322,16.129032258064516,7,1.1666666666666667,15,1,12.857142857142856,14.285714285714285,5,2,5,172,12,2.0,17,0,8.5,39,6.5,43,1,6.615384615384615,0,0.0,0,0,0.0,68,11.333333333333334,102,3,9.0,54,9.0,90,2,10.0,7,1.1666666666666667,15,1,12.857142857142856
S Nadeem,161,26.833333333333332,215,7,8.012422360248447,19.875776397515526,154,25.666666666666668,207,6,8.064935064935064,7,1.1666666666666667,8,1,6.857142857142857,32,5.333333333333333,47,1,8.8125,31.25,129,21.5,168,6,7.813953488372093,17.05426356589147,0,0.0,0,0,0.0,0.0,6,1,6,129,25,4.166666666666667,39,0,9.36,129,21.5,168,6,7.813953488372093,0,0.0,0,0,0.0,7,1.1666666666666667,8,1,6.857142857142857,0,0.0,0,0,0.0,0,0.0,0,0,0.0
DG Nalkande,89,14.833333333333334,150,6,10.112359550561797,17.97752808988764,69,11.5,121,5,10.521739130434783,20,3.3333333333333335,29,1,8.7,13,2.1666666666666665,22,0,10.153846153846155,38.46153846153847,56,9.333333333333334,97,5,10.392857142857142,14.285714285714285,20,3.3333333333333335,31,1,9.299999999999999,15.0,2,4,3,84,13,2.1666666666666665,22,0,10.153846153846155,43,7.166666666666667,81,5,11.302325581395348,13,2.1666666666666665,18,0,8.307692307692308,0,0.0,0,0,0.0,13,2.1666666666666665,16,0,7.384615384615385,7,1.1666666666666667,13,1,11.142857142857142
W O'Rourke,64,10.666666666666666,132,6,12.375,14.0625,0,0.0,0,0,0.0,64,10.666666666666666,132,6,12.375,25,4.166666666666667,52,2,12.479999999999999,32.0,25,4.166666666666667,50,2,12.0,0.0,14,2.3333333333333335,30,2,12.857142857142856,7.142857142857142,3,3,3,105,0,0.0,0,0,0.0,0,0.0,0,0,0.0,0,0.0,0,0,0.0,25,4.166666666666667,52,2,12.479999999999999,25,4.166666666666667,50,2,12.0,14,2.3333333333333335,30,2,12.857142857142856
Swapnil Singh,104,17.333333333333332,151,6,8.711538461538462,22.115384615384613,30,5.0,31,1,6.2,74,12.333333333333334,120,5,9.72972972972973,43,7.166666666666667,62,5,8.651162790697674,32.55813953488372,61,10.166666666666666,89,1,8.754098360655739,14.754098360655737,0,0.0,0,0,0.0,0.0,6,0,1,54,18,3.0,18,1,6.0,12,2.0,13,0,6.5,0,0.0,0,0,0.0,25,4.166666666666667,44,4,10.559999999999999,49,8.166666666666666,76,1,9.306122448979593,0,0.0,0,0,0.0
TS Mills,107,17.833333333333332,192,6,10.766355140186917,20.5607476635514,69,11.5,128,3,11.130434782608695,38,6.333333333333333,64,3,10.105263157894738,33,5.5,48,3,8.727272727272727,33.33333333333333,49,8.166666666666666,95,1,11.63265306122449,14.285714285714285,25,4.166666666666667,49,2,11.76,16.0,0,6,3,101,20,3.3333333333333335,29,1,8.7,24,4.0,50,0,12.5,25,4.166666666666667,49,2,11.76,13,2.1666666666666665,19,2,8.76923076923077,25,4.166666666666667,45,1,10.799999999999999,0,0.0,0,0,0.0
Navdeep Saini,76,12.666666666666666,139,6,10.973684210526317,19.736842105263158,25,4.166666666666667,40,3,9.6,51,8.5,99,3,11.647058823529411,25,4.166666666666667,54,2,12.959999999999999,28.000000000000004,38,6.333333333333333,72,3,11.368421052631579,7.894736842105263,13,2.1666666666666665,13,1,6.0,38.46153846153847,5,1,4,103,6,1.0,12,1,12.0,13,2.1666666666666665,20,2,9.230769230769232,6,1.0,8,0,8.0,19,3.1666666666666665,42,1,13.263157894736842,25,4.166666666666667,52,1,12.479999999999999,7,1.1666666666666667,5,1,4.285714285714286
Basil Thampi,126,21.0,204,6,9.714285714285714,29.365079365079367,56,9.333333333333334,120,3,12.857142857142856,70,11.666666666666666,84,3,7.2,55,9.166666666666666,79,0,8.618181818181819,41.81818181818181,37,6.166666666666667,58,3,9.405405405405405,27.027027027027028,34,5.666666666666667,67,3,11.823529411764705,11.76470588235294,1,5,6,178,24,4.0,56,0,14.0,6,1.0,10,0,10.0,26,4.333333333333333,54,3,12.461538461538462,31,5.166666666666667,23,0,4.451612903225806,31,5.166666666666667,48,3,9.29032258064516,8,1.3333333333333333,13,0,9.75
MG Bracewell,66,11.0,95,6,8.636363636363637,30.303030303030305,42,7.0,63,4,9.0,24,4.0,32,2,8.0,12,2.0,13,3,6.5,33.33333333333333,54,9.0,82,3,9.11111111111111,29.629629629629626,0,0.0,0,0,0.0,0.0,5,1,3,45,6,1.0,6,2,6.0,36,6.0,57,2,9.5,0,0.0,0,0,0.0,6,1.0,7,1,7.0,18,3.0,25,1,8.333333333333334,0,0.0,0,0,0.0
SS Cottrell,131,21.833333333333332,177,6,8.106870229007635,39.69465648854962,70,11.666666666666666,78,3,6.685714285714286,61,10.166666666666666,99,3,9.737704918032787,92,15.333333333333334,108,4,7.0434782608695645,47.82608695652174,20,3.3333333333333335,21,0,6.3,25.0,19,3.1666666666666665,48,2,15.157894736842106,15.789473684210526,4,2,3,106,45,7.5,51,1,6.8,12,2.0,9,0,4.5,13,2.1666666666666665,18,2,8.307692307692308,47,7.833333333333333,57,3,7.276595744680852,8,1.3333333333333333,12,0,9.0,6,1.0,30,0,30.0
AK Markram,191,31.833333333333332,275,6,8.638743455497382,21.465968586387437,79,13.166666666666666,129,2,9.79746835443038,112,18.666666666666668,146,4,7.821428571428571,44,7.333333333333333,59,1,8.045454545454545,36.36363636363637,146,24.333333333333332,215,5,8.835616438356166,17.123287671232877,1,0.16666666666666666,1,0,6.0,0.0,2,4,6,241,6,1.0,5,0,5.0,73,12.166666666666666,124,2,10.191780821917808,0,0.0,0,0,0.0,38,6.333333333333333,54,1,8.526315789473685,73,12.166666666666666,91,3,7.479452054794521,1,0.16666666666666666,1,0,6.0
Fazalhaq Farooqi,266,44.333333333333336,440,6,9.924812030075188,27.819548872180448,171,28.5,331,3,11.614035087719298,95,15.833333333333334,109,3,6.88421052631579,138,23.0,197,3,8.565217391304348,37.68115942028986,76,12.666666666666666,119,2,9.394736842105264,22.36842105263158,52,8.666666666666666,124,1,14.307692307692308,9.615384615384617,0,6,3,178,86,14.333333333333334,153,1,10.674418604651162,42,7.0,75,1,10.714285714285714,43,7.166666666666667,103,1,14.372093023255813,52,8.666666666666666,44,2,5.0769230769230775,34,5.666666666666667,44,1,7.764705882352941,9,1.5,21,0,14.0
V Puthur,73,12.166666666666666,109,6,8.958904109589042,24.65753424657534,49,8.166666666666666,77,3,9.428571428571429,24,4.0,32,3,8.0,0,0.0,0,0,0.0,0.0,60,10.0,85,6,8.5,26.666666666666668,13,2.1666666666666665,24,0,11.076923076923078,15.384615384615385,1,5,6,109,0,0.0,0,0,0.0,42,7.0,68,3,9.714285714285714,7,1.1666666666666667,9,0,7.7142857142857135,0,0.0,0,0,0.0,18,3.0,17,3,5.666666666666667,6,1.0,15,0,15.0
Ramandeep Singh,45,7.5,64,6,8.533333333333333,13.333333333333334,41,6.833333333333333,55,6,8.048780487804878,4,0.6666666666666666,9,0,13.5,0,0.0,0,0,0.0,0.0,19,3.1666666666666665,23,2,7.2631578947368425,15.789473684210526,26,4.333333333333333,41,4,9.461538461538462,11.538461538461538,3,3,6,64,0,0.0,0,0,0.0,19,3.1666666666666665,23,2,7.2631578947368425,22,3.6666666666666665,32,4,8.727272727272728,0,0.0,0,0,0.0,0,0.0,0,0,0.0,4,0.6666666666666666,9,0,13.5
S Sandeep Warrier,103,17.166666666666668,171,6,9.96116504854369,35.92233009708738,59,9.833333333333334,85,3,8.64406779661017,44,7.333333333333333,86,3,11.727272727272728,89,14.833333333333334,146,6,9.842696629213483,38.20224719101123,14,2.3333333333333335,25,0,10.714285714285714,21.428571428571427,0,0.0,0,0,0.0,0.0,1,5,5,109,51,8.5,75,3,8.823529411764707,8,1.3333333333333333,10,0,7.5,0,0.0,0,0,0.0,38,6.333333333333333,71,3,11.210526315789474,6,1.0,15,0,15.0,0,0.0,0,0,0.0
S Dube,119,19.833333333333332,215,6,10.840336134453782,13.445378151260504,48,8.0,80,2,10.0,71,11.833333333333334,135,4,11.408450704225352,0,0.0,0,0,0.0,0.0,81,13.5,142,2,10.518518518518519,16.049382716049383,38,6.333333333333333,73,4,11.526315789473685,7.894736842105263,3,3,4,117,0,0.0,0,0,0.0,36,6.0,51,1,8.5,12,2.0,29,1,14.5,0,0.0,0,0,0.0,45,7.5,91,1,12.133333333333333,26,4.333333333333333,44,3,10.153846153846155
HR Shokeen,213,35.5,320,5,9.014084507042254,34.27230046948357,157,26.166666666666668,231,5,8.828025477707007,56,9.333333333333334,89,0,9.535714285714285,55,9.166666666666666,67,2,7.3090909090909095,52.72727272727272,152,25.333333333333332,229,2,9.039473684210527,28.289473684210524,6,1.0,24,1,24.0,16.666666666666664,5,0,5,291,48,8.0,49,2,6.125,103,17.166666666666668,158,2,9.20388349514563,6,1.0,24,1,24.0,7,1.1666666666666667,18,0,15.428571428571427,49,8.166666666666666,71,0,8.693877551020408,0,0.0,0,0,0.0
KL Nagarkoti,185,30.833333333333332,287,5,9.308108108108108,24.324324324324326,82,13.666666666666666,143,1,10.463414634146343,103,17.166666666666668,144,4,8.388349514563107,31,5.166666666666667,45,0,8.709677419354838,41.935483870967744,123,20.5,184,4,8.975609756097562,17.88617886178862,31,5.166666666666667,58,1,11.225806451612902,32.25806451612903,4,1,1,142,7,1.1666666666666667,16,0,13.714285714285714,69,11.5,109,1,9.478260869565217,6,1.0,18,0,18.0,24,4.0,29,0,7.25,54,9.0,75,3,8.333333333333334,25,4.166666666666667,40,1,9.6
RJW Topley,125,20.833333333333332,222,5,10.656,31.2,63,10.5,121,3,11.523809523809524,62,10.333333333333334,101,2,9.774193548387096,61,10.166666666666666,91,2,8.950819672131148,40.98360655737705,33,5.5,62,1,11.272727272727273,27.27272727272727,31,5.166666666666667,69,2,13.354838709677418,16.129032258064516,1,4,3,115,24,4.0,46,1,11.5,14,2.3333333333333335,16,1,6.857142857142857,25,4.166666666666667,59,1,14.159999999999998,37,6.166666666666667,45,1,7.297297297297297,19,3.1666666666666665,46,0,14.526315789473685,6,1.0,10,1,10.0
Harsh Dubey,61,10.166666666666666,98,5,9.639344262295083,21.311475409836063,25,4.166666666666667,44,1,10.559999999999999,36,6.0,54,4,9.0,13,2.1666666666666665,25,0,11.53846153846154,30.76923076923077,48,8.0,73,5,9.125,18.75,0,0.0,0,0,0.0,0.0,5,0,1,44,13,2.1666666666666665,25,0,11.53846153846154,12,2.0,19,1,9.5,0,0.0,0,0,0.0,0,0.0,0,0,0.0,36,6.0,54,4,9.0,0,0.0,0,0,0.0
CR Woakes,67,11.166666666666666,85,5,7.611940298507463,37.3134328358209,43,7.166666666666667,62,3,8.651162790697674,24,4.0,23,2,5.75,42,7.0,38,3,5.428571428571429,52.38095238095239,0,0.0,0,0,0.0,0.0,25,4.166666666666667,47,2,11.28,12.0,3,2,5,85,24,4.0,24,1,6.0,0,0.0,0,0,0.0,19,3.1666666666666665,38,2,12.0,18,3.0,14,2,4.666666666666667,0,0.0,0,0,0.0,6,1.0,9,0,9.0
Shakib Al Hasan,157,26.166666666666668,188,5,7.184713375796178,28.02547770700637,127,21.166666666666668,153,3,7.228346456692913,30,5.0,35,2,7.0,66,11.0,81,2,7.363636363636363,40.909090909090914,91,15.166666666666666,107,3,7.054945054945056,18.681318681318682,0,0.0,0,0,0.0,0.0,4,1,4,129,48,8.0,67,0,8.375,79,13.166666666666666,86,3,6.531645569620253,0,0.0,0,0,0.0,18,3.0,14,2,4.666666666666667,12,2.0,21,0,10.5,0,0.0,0,0,0.0
Prince Yadav,144,24.0,226,5,9.416666666666666,25.694444444444443,78,13.0,116,4,8.923076923076923,66,11.0,110,1,10.0,24,4.0,33,0,8.25,58.333333333333336,85,14.166666666666666,114,3,8.047058823529412,22.35294117647059,35,5.833333333333333,79,2,13.542857142857143,11.428571428571429,2,3,3,139,6,1.0,14,0,14.0,60,10.0,80,3,8.0,12,2.0,22,1,11.0,18,3.0,19,0,6.333333333333333,25,4.166666666666667,34,0,8.16,23,3.8333333333333335,57,1,14.869565217391305
SH Johnson,172,28.666666666666668,289,5,10.081395348837209,31.3953488372093,120,20.0,196,2,9.8,52,8.666666666666666,93,3,10.730769230769232,86,14.333333333333334,143,1,9.976744186046512,39.53488372093023,38,6.333333333333333,77,1,12.157894736842106,18.421052631578945,48,8.0,69,3,8.625,27.083333333333332,3,2,4,218,48,8.0,85,0,10.625,32,5.333333333333333,60,1,11.25,40,6.666666666666667,51,1,7.6499999999999995,38,6.333333333333333,58,1,9.157894736842106,6,1.0,17,0,17.0,8,1.3333333333333333,18,2,13.5
DJ Willey,160,26.666666666666668,181,5,6.7875,34.375,92,15.333333333333334,94,3,6.130434782608695,68,11.333333333333334,87,2,7.6764705882352935,115,19.166666666666668,116,3,6.052173913043478,42.608695652173914,24,4.0,32,1,8.0,8.333333333333332,21,3.5,33,1,9.428571428571429,19.047619047619047,3,2,3,134,73,12.166666666666666,64,3,5.26027397260274,12,2.0,23,0,11.5,7,1.1666666666666667,7,0,6.0,42,7.0,52,0,7.428571428571429,12,2.0,9,1,4.5,14,2.3333333333333335,26,1,11.142857142857142
AJ Tye,96,16.0,167,5,10.4375,21.875,71,11.833333333333334,124,5,10.47887323943662,25,4.166666666666667,43,0,10.319999999999999,31,5.166666666666667,45,2,8.709677419354838,32.25806451612903,25,4.166666666666667,40,0,9.6,20.0,40,6.666666666666667,82,3,12.299999999999999,15.0,3,2,3,113,25,4.166666666666667,35,2,8.399999999999999,19,3.1666666666666665,25,0,7.894736842105264,27,4.5,64,3,14.222222222222221,6,1.0,10,0,10.0,6,1.0,15,0,15.0,13,2.1666666666666665,18,0,8.307692307692308
Arjun Tendulkar,83,13.833333333333334,117,4,8.457831325301205,32.53012048192771,63,10.5,97,2,9.238095238095237,20,3.3333333333333335,20,2,6.0,60,10.0,57,1,5.7,43.333333333333336,9,1.5,24,1,16.0,0.0,14,2.3333333333333335,36,2,15.428571428571427,7.142857142857142,2,2,3,86,46,7.666666666666667,42,1,5.478260869565217,9,1.5,24,1,16.0,8,1.3333333333333333,31,0,23.25,14,2.3333333333333335,15,0,6.428571428571428,0,0.0,0,0,0.0,6,1.0,5,2,5.0
KM Asif,105,17.5,157,4,8.971428571428572,24.761904761904763,72,12.0,124,3,10.333333333333334,33,5.5,33,1,6.0,19,3.1666666666666665,35,0,11.052631578947368,42.10526315789473,65,10.833333333333334,75,4,6.9230769230769225,23.076923076923077,21,3.5,47,0,13.428571428571429,14.285714285714285,1,3,2,100,13,2.1666666666666665,28,0,12.923076923076923,39,6.5,51,3,7.846153846153846,20,3.3333333333333335,45,0,13.5,6,1.0,7,0,7.0,26,4.333333333333333,24,1,5.538461538461539,1,0.16666666666666666,2,0,12.0
J Yadav,172,28.666666666666668,200,4,6.976744186046512,34.883720930232556,75,12.5,97,1,7.76,97,16.166666666666668,103,3,6.371134020618556,60,10.0,80,3,8.0,33.33333333333333,100,16.666666666666668,110,1,6.6,35.0,12,2.0,10,0,5.0,41.66666666666667,1,3,4,200,30,5.0,39,1,7.8,39,6.5,51,0,7.846153846153846,6,1.0,7,0,7.0,30,5.0,41,2,8.2,61,10.166666666666666,59,1,5.803278688524591,6,1.0,3,0,3.0
Imran Tahir,92,15.333333333333334,94,4,6.130434782608695,30.434782608695656,48,8.0,54,1,6.75,44,7.333333333333333,40,3,5.454545454545455,6,1.0,5,0,5.0,16.666666666666664,80,13.333333333333334,77,4,5.7749999999999995,33.75,6,1.0,12,0,12.0,0.0,4,0,1,78,0,0.0,0,0,0.0,42,7.0,42,1,6.0,6,1.0,12,0,12.0,6,1.0,5,0,5.0,38,6.333333333333333,35,3,5.526315789473684,0,0.0,0,0,0.0
Mohammad Nabi,148,24.666666666666668,220,4,8.91891891891892,20.945945945945947,84,14.0,132,3,9.428571428571429,64,10.666666666666666,88,1,8.25,36,6.0,50,0,8.333333333333334,38.88888888888889,104,17.333333333333332,164,2,9.461538461538462,15.384615384615385,8,1.3333333333333333,6,2,4.5,12.5,0,4,4,130,36,6.0,50,0,8.333333333333334,42,7.0,79,1,11.285714285714286,6,1.0,3,2,3.0,0,0.0,0,0,0.0,62,10.333333333333334,85,1,8.225806451612902,2,0.3333333333333333,3,0,9.0
T Stubbs,37,6.166666666666667,69,4,11.18918918918919,24.324324324324326,13,2.1666666666666665,39,2,18.0,24,4.0,30,2,7.5,0,0.0,0,0,0.0,0.0,31,5.166666666666667,64,4,12.387096774193548,25.806451612903224,6,1.0,5,0,5.0,16.666666666666664,3,1,3,65,0,0.0,0,0,0.0,13,2.1666666666666665,39,2,18.0,0,0.0,0,0,0.0,0,0.0,0,0,0.0,18,3.0,25,2,8.333333333333334,6,1.0,5,0,5.0
AF Milne,102,17.0,154,4,9.058823529411764,33.33333333333333,49,8.166666666666666,71,4,8.693877551020408,53,8.833333333333334,83,0,9.39622641509434,56,9.333333333333334,83,3,8.892857142857142,41.07142857142857,25,4.166666666666667,30,0,7.199999999999999,32.0,21,3.5,41,1,11.714285714285714,14.285714285714285,0,4,0,83,24,4.0,25,3,6.25,7,1.1666666666666667,12,0,10.285714285714285,18,3.0,34,1,11.333333333333334,32,5.333333333333333,58,0,10.875,18,3.0,18,0,6.0,3,0.5,7,0,14.0
A Badoni,35,5.833333333333333,50,4,8.571428571428571,11.428571428571429,12,2.0,12,1,6.0,23,3.8333333333333335,38,3,9.91304347826087,1,0.16666666666666666,0,0,0.0,100.0,18,3.0,31,2,10.333333333333334,5.555555555555555,16,2.6666666666666665,19,2,7.125,12.5,3,1,0,28,0,0.0,0,0,0.0,6,1.0,6,1,6.0,6,1.0,6,0,6.0,1,0.16666666666666666,0,0,0.0,12,2.0,25,1,12.5,10,1.6666666666666667,13,2,7.8
DT Christian,104,17.333333333333332,156,4,9.0,23.076923076923077,68,11.333333333333334,88,4,7.764705882352941,36,6.0,68,0,11.333333333333334,6,1.0,15,0,15.0,16.666666666666664,82,13.666666666666666,121,4,8.853658536585366,24.390243902439025,16,2.6666666666666665,20,0,7.5,18.75,2,2,4,122,0,0.0,0,0,0.0,62,10.333333333333334,81,4,7.838709677419354,6,1.0,7,0,7.0,6,1.0,15,0,15.0,20,3.3333333333333335,40,0,12.0,10,1.6666666666666667,13,0,7.8
MC Henriques,61,10.166666666666666,47,4,4.622950819672131,40.98360655737705,49,8.166666666666666,35,3,4.285714285714286,12,2.0,12,1,6.0,30,5.0,24,1,4.8,53.333333333333336,25,4.166666666666667,17,3,4.08,32.0,6,1.0,6,0,6.0,16.666666666666664,0,4,4,47,18,3.0,12,0,4.0,25,4.166666666666667,17,3,4.08,6,1.0,6,0,6.0,12,2.0,12,1,6.0,0,0.0,0,0,0.0,0,0.0,0,0,0.0
M Siddharth,101,16.833333333333332,140,3,8.316831683168317,29.7029702970297,0,0.0,0,0,0.0,101,16.833333333333332,140,3,8.316831683168317,64,10.666666666666666,80,2,7.5,37.5,37,6.166666666666667,60,1,9.72972972972973,16.216216216216218,0,0.0,0,0,0.0,0.0,1,2,2,68,0,0.0,0,0,0.0,0,0.0,0,0,0.0,0,0.0,0,0,0.0,64,10.666666666666666,80,2,7.5,37,6.166666666666667,60,1,9.72972972972973,0,0.0,0,0,0.0
DJ Hooda,158,26.333333333333332,234,3,8.88607594936709,25.31645569620253,67,11.166666666666666,104,1,9.313432835820896,91,15.166666666666666,130,2,8.571428571428571,18,3.0,18,1,6.0,44.44444444444444,110,18.333333333333332,145,2,7.909090909090909,23.636363636363637,30,5.0,71,0,14.2,20.0,1,2,3,197,18,3.0,18,1,6.0,43,7.166666666666667,62,0,8.651162790697674,6,1.0,24,0,24.0,0,0.0,0,0,0.0,67,11.166666666666666,83,2,7.432835820895523,24,4.0,47,0,11.75
K Khejroliya,47,7.833333333333333,93,3,11.872340425531915,17.02127659574468,19,3.1666666666666665,44,2,13.894736842105264,28,4.666666666666667,49,1,10.5,12,2.0,27,0,13.5,25.0,19,3.1666666666666665,29,1,9.157894736842106,15.789473684210526,16,2.6666666666666665,37,2,13.875,12.5,1,2,0,20,6,1.0,14,0,14.0,0,0.0,0,0,0.0,13,2.1666666666666665,30,2,13.846153846153847,6,1.0,13,0,13.0,19,3.1666666666666665,29,1,9.157894736842106,3,0.5,7,0,14.0
Mujeeb Ur Rahman,88,14.666666666666666,141,3,9.613636363636363,25.0,88,14.666666666666666,141,3,9.613636363636363,0,0.0,0,0,0.0,24,4.0,40,0,10.0,33.33333333333333,57,9.5,93,2,9.789473684210526,19.298245614035086,7,1.1666666666666667,8,1,6.857142857142857,42.857142857142854,0,3,2,74,24,4.0,40,0,10.0,57,9.5,93,2,9.789473684210526,7,1.1666666666666667,8,1,6.857142857142857,0,0.0,0,0,0.0,0,0.0,0,0,0.0,0,0.0,0,0,0.0
Sikandar Raza,88,14.666666666666666,146,3,9.954545454545455,20.454545454545457,49,8.166666666666666,93,2,11.387755102040817,39,6.5,53,1,8.153846153846153,13,2.1666666666666665,28,0,12.923076923076923,30.76923076923077,75,12.5,118,3,9.44,18.666666666666668,0,0.0,0,0,0.0,0.0,3,0,2,100,6,1.0,17,0,17.0,43,7.166666666666667,76,2,10.604651162790697,0,0.0,0,0,0.0,7,1.1666666666666667,11,0,9.428571428571429,32,5.333333333333333,42,1,7.875,0,0.0,0,0,0.0
N Rana,103,17.166666666666668,151,3,8.796116504854368,20.388349514563107,30,5.0,33,1,6.6,73,12.166666666666666,118,2,9.698630136986301,12,2.0,31,0,15.5,33.33333333333333,73,12.166666666666666,98,2,8.054794520547945,19.17808219178082,18,3.0,22,1,7.333333333333333,16.666666666666664,1,2,3,134,6,1.0,5,0,5.0,24,4.0,28,1,7.0,0,0.0,0,0,0.0,6,1.0,26,0,26.0,49,8.166666666666666,70,1,8.571428571428571,18,3.0,22,1,7.333333333333333
JA Richardson,94,15.666666666666666,162,3,10.340425531914894,28.723404255319153,25,4.166666666666667,40,0,9.6,69,11.5,122,3,10.608695652173912,31,5.166666666666667,54,0,10.451612903225806,48.38709677419355,43,7.166666666666667,69,2,9.627906976744185,23.25581395348837,20,3.3333333333333335,39,1,11.7,10.0,1,2,3,122,6,1.0,13,0,13.0,12,2.0,15,0,7.5,7,1.1666666666666667,12,0,10.285714285714285,25,4.166666666666667,41,0,9.84,31,5.166666666666667,54,2,10.451612903225806,13,2.1666666666666665,27,1,12.461538461538462
RS Hangargekar,43,7.166666666666667,60,3,8.372093023255813,25.581395348837212,0,0.0,0,0,0.0,43,7.166666666666667,60,3,8.372093023255813,8,1.3333333333333333,12,1,9.0,12.5,20,3.3333333333333335,32,1,9.6,25.0,15,2.5,16,1,6.4,33.33333333333333,0,3,3,60,0,0.0,0,0,0.0,0,0.0,0,0,0.0,0,0.0,0,0,0.0,8,1.3333333333333333,12,1,9.0,20,3.3333333333333335,32,1,9.6,15,2.5,16,1,6.4
PJ Sangwan,56,9.333333333333334,66,3,7.071428571428571,32.142857142857146,44,7.333333333333333,43,3,5.863636363636364,12,2.0,23,0,11.5,24,4.0,20,1,5.0,50.0,32,5.333333333333333,46,2,8.625,18.75,0,0.0,0,0,0.0,0.0,2,1,3,66,18,3.0,12,1,4.0,26,4.333333333333333,31,2,7.153846153846154,0,0.0,0,0,0.0,6,1.0,8,0,8.0,6,1.0,15,0,15.0,0,0.0,0,0,0.0
GHS Garton,97,16.166666666666668,136,3,8.412371134020617,28.865979381443296,52,8.666666666666666,80,2,9.230769230769232,45,7.5,56,1,7.466666666666667,66,11.0,108,1,9.818181818181818,25.757575757575758,13,2.1666666666666665,11,1,5.0769230769230775,46.15384615384615,18,3.0,17,1,5.666666666666667,27.77777777777778,2,1,3,136,39,6.5,66,1,10.153846153846153,7,1.1666666666666667,9,1,7.7142857142857135,6,1.0,5,0,5.0,27,4.5,42,0,9.333333333333334,6,1.0,2,0,2.0,12,2.0,12,1,6.0
VR Iyer,84,14.0,145,3,10.357142857142858,14.285714285714285,38,6.333333333333333,50,2,7.894736842105264,46,7.666666666666667,95,1,12.391304347826086,0,0.0,0,0,0.0,0.0,49,8.166666666666666,90,1,11.020408163265307,12.244897959183673,35,5.833333333333333,55,2,9.428571428571429,17.142857142857142,2,1,3,89,0,0.0,0,0,0.0,24,4.0,31,1,7.75,14,2.3333333333333335,19,1,8.142857142857142,0,0.0,0,0,0.0,25,4.166666666666667,59,0,14.159999999999998,21,3.5,36,1,10.285714285714286
AU Rashid,60,10.0,91,2,9.1,30.0,42,7.0,68,0,9.714285714285714,18,3.0,23,2,7.666666666666667,0,0.0,0,0,0.0,0.0,54,9.0,81,2,9.0,31.48148148148148,6,1.0,10,0,10.0,16.666666666666664,0,2,2,58,0,0.0,0,0,0.0,36,6.0,58,0,9.666666666666666,6,1.0,10,0,10.0,0,0.0,0,0,0.0,18,3.0,23,2,7.666666666666667,0,0.0,0,0,0.0
Abdul Samad,57,9.5,119,2,12.526315789473685,17.543859649122805,24,4.0,44,1,11.0,33,5.5,75,1,13.636363636363637,0,0.0,0,0,0.0,0.0,48,8.0,93,2,11.625,18.75,9,1.5,26,0,17.333333333333332,11.11111111111111,1,1,2,64,0,0.0,0,0,0.0,24,4.0,44,1,11.0,0,0.0,0,0,0.0,0,0.0,0,0,0.0,24,4.0,49,1,12.25,9,1.5,26,0,17.333333333333332
FA Allen,91,15.166666666666666,136,2,8.967032967032967,26.373626373626376,66,11.0,114,1,10.363636363636363,25,4.166666666666667,22,1,5.279999999999999,19,3.1666666666666665,32,1,10.105263157894738,42.10526315789473,72,12.0,104,1,8.666666666666666,22.22222222222222,0,0.0,0,0,0.0,0.0,0,2,1,90,12,2.0,21,1,10.5,54,9.0,93,0,10.333333333333334,0,0.0,0,0,0.0,7,1.1666666666666667,11,0,9.428571428571429,18,3.0,11,1,3.6666666666666665,0,0.0,0,0,0.0
AS Rajpoot,115,19.166666666666668,206,2,10.747826086956522,25.217391304347824,108,18.0,195,2,10.833333333333334,7,1.1666666666666667,11,0,9.428571428571429,73,12.166666666666666,126,0,10.356164383561644,34.24657534246575,9,1.5,12,1,8.0,11.11111111111111,33,5.5,68,1,12.363636363636363,9.090909090909092,1,1,1,123,66,11.0,115,0,10.454545454545455,9,1.5,12,1,8.0,33,5.5,68,1,12.363636363636363,7,1.1666666666666667,11,0,9.428571428571429,0,0.0,0,0,0.0,0,0.0,0,0,0.0
Mayank Dagar,138,23.0,205,2,8.91304347826087,29.71014492753623,31,5.166666666666667,57,0,11.032258064516128,107,17.833333333333332,148,2,8.299065420560748,12,2.0,29,0,14.5,33.33333333333333,109,18.166666666666668,154,2,8.477064220183486,29.357798165137616,17,2.8333333333333335,22,0,7.764705882352941,29.411764705882355,0,2,2,182,0,0.0,0,0,0.0,31,5.166666666666667,57,0,11.032258064516128,0,0.0,0,0,0.0,12,2.0,29,0,14.5,78,13.0,97,2,7.461538461538462,17,2.8333333333333335,22,0,7.764705882352941
GD Phillips,31,5.166666666666667,40,2,7.741935483870967,25.806451612903224,13,2.1666666666666665,20,1,9.230769230769232,18,3.0,20,1,6.666666666666667,6,1.0,4,1,4.0,66.66666666666666,25,4.166666666666667,36,1,8.639999999999999,16.0,0,0.0,0,0,0.0,0.0,0,2,1,23,0,0.0,0,0,0.0,13,2.1666666666666665,20,1,9.230769230769232,0,0.0,0,0,0.0,6,1.0,4,1,4.0,12,2.0,16,0,8.0,0,0.0,0,0,0.0
K Yadav,54,9.0,85,2,9.444444444444445,20.37037037037037,0,0.0,0,0,0.0,54,9.0,85,2,9.444444444444445,18,3.0,26,0,8.666666666666666,38.88888888888889,24,4.0,31,0,7.75,12.5,12,2.0,28,2,14.0,8.333333333333332,1,1,1,67,0,0.0,0,0,0.0,0,0.0,0,0,0.0,0,0.0,0,0,0.0,18,3.0,26,0,8.666666666666666,24,4.0,31,0,7.75,12,2.0,28,2,14.0
MK Lomror,76,12.666666666666666,100,2,7.894736842105264,25.0,21,3.5,34,0,9.714285714285714,55,9.166666666666666,66,2,7.2,12,2.0,11,1,5.5,50.0,64,10.666666666666666,89,1,8.34375,20.3125,0,0.0,0,0,0.0,0.0,1,1,1,66,6,1.0,5,0,5.0,15,2.5,29,0,11.6,0,0.0,0,0,0.0,6,1.0,6,1,6.0,49,8.166666666666666,60,1,7.346938775510204,0,0.0,0,0,0.0
PVSN Raju,29,4.833333333333333,54,2,11.172413793103448,3.4482758620689653,22,3.6666666666666665,41,2,11.181818181818182,7,1.1666666666666667,13,0,11.142857142857142,7,1.1666666666666667,13,0,11.142857142857142,0.0,6,1.0,12,0,12.0,0.0,16,2.6666666666666665,29,2,10.875,6.25,0,2,0,13,0,0.0,0,0,0.0,6,1.0,12,0,12.0,16,2.6666666666666665,29,2,10.875,7,1.1666666666666667,13,0,11.142857142857142,0,0.0,0,0,0.0,0,0.0,0,0,0.0
XC Bartlett,60,10.0,96,2,9.6,43.333333333333336,18,3.0,26,1,8.666666666666666,42,7.0,70,1,10.0,48,8.0,72,2,9.0,47.91666666666667,12,2.0,24,0,12.0,25.0,0,0.0,0,0,0.0,0.0,2,0,1,66,12,2.0,15,1,7.5,6,1.0,11,0,11.0,0,0.0,0,0,0.0,36,6.0,57,1,9.5,6,1.0,13,0,13.0,0,0.0,0,0,0.0
V Kaverappa,24,4.0,36,2,9.0,37.5,24,4.0,36,2,9.0,0,0.0,0,0,0.0,18,3.0,20,2,6.666666666666667,50.0,6,1.0,16,0,16.0,0.0,0,0.0,0,0,0.0,0.0,0,2,0,0,18,3.0,20,2,6.666666666666667,6,1.0,16,0,16.0,0,0.0,0,0,0.0,0,0.0,0,0,0.0,0,0.0,0,0,0.0,0,0.0,0,0,0.0
VR Aaron,87,14.5,149,2,10.275862068965518,26.436781609195403,81,13.5,141,2,10.444444444444445,6,1.0,8,0,8.0,61,10.166666666666666,101,1,9.934426229508198,31.147540983606557,12,2.0,25,0,12.5,8.333333333333332,14,2.3333333333333335,23,1,9.857142857142856,21.428571428571427,2,0,2,100,61,10.166666666666666,101,1,9.934426229508198,6,1.0,17,0,17.0,14,2.3333333333333335,23,1,9.857142857142856,0,0.0,0,0,0.0,6,1.0,8,0,8.0,0,0.0,0,0,0.0
BA Stokes,108,18.0,189,2,10.5,17.59259259259259,89,14.833333333333334,146,2,9.842696629213483,19,3.1666666666666665,43,0,13.578947368421053,31,5.166666666666667,70,0,13.548387096774192,22.58064516129032,39,6.5,49,1,7.538461538461538,20.51282051282051,38,6.333333333333333,70,1,11.052631578947368,10.526315789473683,2,0,2,148,19,3.1666666666666665,39,0,12.31578947368421,39,6.5,49,1,7.538461538461538,31,5.166666666666667,58,1,11.225806451612902,12,2.0,31,0,15.5,0,0.0,0,0,0.0,7,1.1666666666666667,12,0,10.285714285714285
KT Maphaka,71,11.833333333333334,148,2,12.507042253521126,28.169014084507044,59,9.833333333333334,125,1,12.711864406779661,12,2.0,23,1,11.5,43,7.166666666666667,83,2,11.581395348837209,32.55813953488372,14,2.3333333333333335,31,0,13.285714285714285,28.57142857142857,14,2.3333333333333335,34,0,14.571428571428571,14.285714285714285,0,2,2,81,31,5.166666666666667,60,1,11.61290322580645,14,2.3333333333333335,31,0,13.285714285714285,14,2.3333333333333335,34,0,14.571428571428571,12,2.0,23,1,11.5,0,0.0,0,0,0.0,0,0.0,0,0,0.0
RJ Gleeson,73,12.166666666666666,111,2,9.123287671232877,30.136986301369863,0,0.0,0,0,0.0,73,12.166666666666666,111,2,9.123287671232877,26,4.333333333333333,40,1,9.230769230769232,34.61538461538461,19,3.1666666666666665,21,0,6.631578947368421,31.57894736842105,28,4.666666666666667,50,1,10.714285714285714,25.0,1,1,1,31,0,0.0,0,0,0.0,0,0.0,0,0,0.0,0,0.0,0,0,0.0,26,4.333333333333333,40,1,9.230769230769232,19,3.1666666666666665,21,0,6.631578947368421,28,4.666666666666667,50,1,10.714285714285714
PHKD Mendis,42,7.0,60,2,8.571428571428571,21.428571428571427,36,6.0,48,2,8.0,6,1.0,12,0,12.0,0,0.0,0,0,0.0,0.0,42,7.0,60,2,8.571428571428571,21.428571428571427,0,0.0,0,0,0.0,0.0,1,1,1,38,0,0.0,0,0,0.0,36,6.0,48,2,8.0,0,0.0,0,0,0.0,0,0.0,0,0,0.0,6,1.0,12,0,12.0,0,0.0,0,0,0.0
P Dubey,79,13.166666666666666,112,2,8.506329113924052,26.582278481012654,19,3.1666666666666665,19,1,6.0,60,10.0,93,1,9.3,0,0.0,0,0,0.0,0.0,73,12.166666666666666,101,2,8.301369863013699,27.397260273972602,6,1.0,11,0,11.0,16.666666666666664,0,2,1,79,0,0.0,0,0,0.0,19,3.1666666666666665,19,1,6.0,0,0.0,0,0,0.0,0,0.0,0,0,0.0,54,9.0,82,1,9.11111111111111,6,1.0,11,0,11.0
KA Maharaj,36,6.0,39,2,6.5,25.0,24,4.0,23,2,5.75,12,2.0,16,0,8.0,6,1.0,8,0,8.0,50.0,30,5.0,31,2,6.2,20.0,0,0.0,0,0,0.0,0.0,2,0,2,39,0,0.0,0,0,0.0,24,4.0,23,2,5.75,0,0.0,0,0,0.0,6,1.0,8,0,8.0,6,1.0,8,0,8.0,0,0.0,0,0,0.0
PH Solanki,36,6.0,39,2,6.5,25.0,0,0.0,0,0,0.0,36,6.0,39,2,6.5,0,0.0,0,0,0.0,0.0,24,4.0,24,1,6.0,20.833333333333336,12,2.0,15,1,7.5,33.33333333333333,0,2,2,39,0,0.0,0,0,0.0,0,0.0,0,0,0.0,0,0.0,0,0,0.0,0,0.0,0,0,0.0,24,4.0,24,1,6.0,12,2.0,15,1,7.5
V Viyaskanth,60,10.0,90,1,9.0,25.0,48,8.0,68,1,8.5,12,2.0,22,0,11.0,0,0.0,0,0,0.0,0.0,60,10.0,90,1,9.0,25.0,0,0.0,0,0,0.0,0.0,1,0,1,90,0,0.0,0,0,0.0,48,8.0,68,1,8.5,0,0.0,0,0,0.0,0,0.0,0,0,0.0,12,2.0,22,0,11.0,0,0.0,0,0,0.0
LB Williams,42,7.0,74,1,10.571428571428571,26.190476190476193,0,0.0,0,0,0.0,42,7.0,74,1,10.571428571428571,29,4.833333333333333,56,0,11.586206896551724,31.03448275862069,6,1.0,4,1,4.0,33.33333333333333,7,1.1666666666666667,14,0,12.0,0.0,0,1,1,74,0,0.0,0,0,0.0,0,0.0,0,0,0.0,0,0.0,0,0,0.0,29,4.833333333333333,56,0,11.586206896551724,6,1.0,4,1,4.0,7,1.1666666666666667,14,0,12.0
MJ Henry,74,12.333333333333334,112,1,9.08108108108108,31.08108108108108,42,7.0,54,1,7.714285714285714,32,5.333333333333333,58,0,10.875,61,10.166666666666666,94,1,9.245901639344263,32.78688524590164,6,1.0,8,0,8.0,33.33333333333333,7,1.1666666666666667,10,0,8.571428571428571,14.285714285714285,1,0,1,88,36,6.0,46,1,7.666666666666667,6,1.0,8,0,8.0,0,0.0,0,0,0.0,25,4.166666666666667,48,0,11.52,0,0.0,0,0,0.0,7,1.1666666666666667,10,0,8.571428571428571
Naman Dhir,53,8.833333333333334,76,1,8.60377358490566,18.867924528301888,29,4.833333333333333,55,0,11.379310344827587,24,4.0,21,1,5.25,6,1.0,6,0,6.0,50.0,35,5.833333333333333,62,0,10.62857142857143,8.571428571428571,12,2.0,8,1,4.0,33.33333333333333,0,1,1,25,6,1.0,6,0,6.0,23,3.8333333333333335,49,0,12.782608695652174,0,0.0,0,0,0.0,0,0.0,0,0,0.0,12,2.0,13,0,6.5,12,2.0,8,1,4.0
L Wood,38,6.333333333333333,94,1,14.842105263157896,18.421052631578945,38,6.333333333333333,94,1,14.842105263157896,0,0.0,0,0,0.0,12,2.0,26,0,13.0,25.0,12,2.0,23,1,11.5,25.0,14,2.3333333333333335,45,0,19.285714285714285,7.142857142857142,0,1,1,94,12,2.0,26,0,13.0,12,2.0,23,1,11.5,14,2.3333333333333335,45,0,19.285714285714285,0,0.0,0,0,0.0,0,0.0,0,0,0.0,0,0.0,0,0,0.0
C Bosch,45,7.5,56,1,7.466666666666667,48.888888888888886,0,0.0,0,0,0.0,45,7.5,56,1,7.466666666666667,6,1.0,11,0,11.0,50.0,25,4.166666666666667,36,0,8.639999999999999,40.0,14,2.3333333333333335,9,1,3.8571428571428568,64.28571428571429,1,0,0,0,0,0.0,0,0,0.0,0,0.0,0,0,0.0,0,0.0,0,0,0.0,6,1.0,11,0,11.0,25,4.166666666666667,36,0,8.639999999999999,14,2.3333333333333335,9,1,3.8571428571428568
M Shahrukh Khan,18,3.0,29,1,9.666666666666666,16.666666666666664,18,3.0,29,1,9.666666666666666,0,0.0,0,0,0.0,0,0.0,0,0,0.0,0.0,12,2.0,22,1,11.0,16.666666666666664,6,1.0,7,0,7.0,16.666666666666664,0,1,0,16,0,0.0,0,0,0.0,12,2.0,22,1,11.0,6,1.0,7,0,7.0,0,0.0,0,0,0.0,0,0.0,0,0,0.0,0,0.0,0,0,0.0
Musheer Khan,12,2.0,27,1,13.5,0.0,0,0.0,0,0,0.0,12,2.0,27,1,13.5,0,0.0,0,0,0.0,0.0,12,2.0,27,1,13.5,0.0,0,0.0,0,0,0.0,0.0,0,1,1,27,0,0.0,0,0,0.0,0,0.0,0,0,0.0,0,0.0,0,0,0.0,0,0.0,0,0,0.0,12,2.0,27,1,13.5,0,0.0,0,0,0.0
D Jansen,28,4.666666666666667,53,1,11.357142857142856,17.857142857142858,28,4.666666666666667,53,1,11.357142857142856,0,0.0,0,0,0.0,7,1.1666666666666667,16,0,13.714285714285714,28.57142857142857,6,1.0,13,0,13.0,16.666666666666664,15,2.5,24,1,9.6,13.333333333333334,1,0,1,53,7,1.1666666666666667,16,0,13.714285714285714,6,1.0,13,0,13.0,15,2.5,24,1,9.6,0,0.0,0,0,0.0,0,0.0,0,0,0.0,0,0.0,0,0,0.0
Shashank Singh,31,5.166666666666667,52,1,10.064516129032258,12.903225806451612,13,2.1666666666666665,20,0,9.230769230769232,18,3.0,32,1,10.666666666666666,0,0.0,0,0,0.0,0.0,25,4.166666666666667,36,1,8.639999999999999,12.0,6,1.0,16,0,16.0,16.666666666666664,0,1,1,52,0,0.0,0,0,0.0,13,2.1666666666666665,20,0,9.230769230769232,0,0.0,0,0,0.0,0,0.0,0,0,0.0,12,2.0,16,1,8.0,6,1.0,16,0,16.0
SA Abbott,27,4.5,47,1,10.444444444444445,22.22222222222222,27,4.5,47,1,10.444444444444445,0,0.0,0,0,0.0,13,2.1666666666666665,17,1,7.846153846153847,30.76923076923077,7,1.1666666666666667,12,0,10.285714285714285,0.0,7,1.1666666666666667,18,0,15.428571428571427,28.57142857142857,0,1,0,0,13,2.1666666666666665,17,1,7.846153846153847,7,1.1666666666666667,12,0,10.285714285714285,7,1.1666666666666667,18,0,15.428571428571427,0,0.0,0,0,0.0,0,0.0,0,0,0.0,0,0.0,0,0,0.0
DW Steyn,75,12.5,134,1,10.72,29.333333333333332,25,4.166666666666667,57,0,13.68,50,8.333333333333334,77,1,9.24,36,6.0,50,0,8.333333333333334,41.66666666666667,13,2.1666666666666665,26,0,12.0,23.076923076923077,26,4.333333333333333,58,1,13.384615384615385,15.384615384615385,1,0,1,77,12,2.0,17,0,8.5,0,0.0,0,0,0.0,13,2.1666666666666665,40,0,18.461538461538463,24,4.0,33,0,8.25,13,2.1666666666666665,26,0,12.0,13,2.1666666666666665,18,1,8.307692307692308
IC Porel,26,4.333333333333333,42,1,9.692307692307693,23.076923076923077,26,4.333333333333333,42,1,9.692307692307693,0,0.0,0,0,0.0,13,2.1666666666666665,26,0,12.0,30.76923076923077,13,2.1666666666666665,16,1,7.384615384615385,15.384615384615385,0,0.0,0,0,0.0,0.0,0,1,1,42,13,2.1666666666666665,26,0,12.0,13,2.1666666666666665,16,1,7.384615384615385,0,0.0,0,0,0.0,0,0.0,0,0,0.0,0,0.0,0,0,0.0,0,0.0,0,0,0.0
AJ Hosein,24,4.0,41,1,10.25,16.666666666666664,0,0.0,0,0,0.0,24,4.0,41,1,10.25,18,3.0,31,0,10.333333333333334,22.22222222222222,6,1.0,10,1,10.0,0.0,0,0.0,0,0,0.0,0.0,1,0,1,41,0,0.0,0,0,0.0,0,0.0,0,0,0.0,0,0.0,0,0,0.0,18,3.0,31,0,10.333333333333334,6,1.0,10,1,10.0,0,0.0,0,0,0.0
KW Richardson,19,3.1666666666666665,29,1,9.157894736842106,21.052631578947366,19,3.1666666666666665,29,1,9.157894736842106,0,0.0,0,0,0.0,7,1.1666666666666667,10,0,8.571428571428571,42.857142857142854,6,1.0,11,0,11.0,16.666666666666664,6,1.0,8,1,8.0,0.0,1,0,1,29,7,1.1666666666666667,10,0,8.571428571428571,6,1.0,11,0,11.0,6,1.0,8,1,8.0,0,0.0,0,0,0.0,0,0.0,0,0,0.0,0,0.0,0,0,0.0
DJ Mitchell,51,8.5,97,1,11.411764705882353,7.8431372549019605,25,4.166666666666667,52,0,12.479999999999999,26,4.333333333333333,45,1,10.384615384615385,0,0.0,0,0,0.0,0.0,51,8.5,97,1,11.411764705882353,7.8431372549019605,0,0.0,0,0,0.0,0.0,1,0,0,20,0,0.0,0,0,0.0,25,4.166666666666667,52,0,12.479999999999999,0,0.0,0,0,0.0,0,0.0,0,0,0.0,26,4.333333333333333,45,1,10.384615384615385,0,0.0,0,0,0.0
LI Meriwala,19,3.1666666666666665,32,1,10.105263157894738,26.31578947368421,19,3.1666666666666665,32,1,10.105263157894738,0,0.0,0,0,0.0,13,2.1666666666666665,28,0,12.923076923076923,30.76923076923077,6,1.0,4,1,4.0,16.666666666666664,0,0.0,0,0,0.0,0.0,1,0,1,32,13,2.1666666666666665,28,0,12.923076923076923,6,1.0,4,1,4.0,0,0.0,0,0,0.0,0,0.0,0,0,0.0,0,0.0,0,0,0.0,0,0.0,0,0,0.0
D Brevis,3,0.5,8,1,16.0,0.0,0,0.0,0,0,0.0,3,0.5,8,1,16.0,0,0.0,0,0,0.0,0.0,0,0.0,0,0,0.0,0.0,3,0.5,8,1,16.0,0.0,0,1,1,8,0,0.0,0,0,0.0,0,0.0,0,0,0.0,0,0.0,0,0,0.0,0,0.0,0,0,0.0,0,0.0,0,0,0.0,3,0.5,8,1,16.0
R Powell,21,3.5,35,1,10.0,14.285714285714285,14,2.3333333333333335,18,1,7.7142857142857135,7,1.1666666666666667,17,0,14.571428571428571,0,0.0,0,0,0.0,0.0,14,2.3333333333333335,21,1,9.0,14.285714285714285,7,1.1666666666666667,14,0,12.0,14.285714285714285,0,1,0,0,0,0.0,0,0,0.0,7,1.1666666666666667,4,1,3.4285714285714284,7,1.1666666666666667,14,0,12.0,0,0.0,0,0,0.0,7,1.1666666666666667,17,0,14.571428571428571,0,0.0,0,0,0.0
SSB Magala,37,6.166666666666667,52,1,8.432432432432432,10.81081081081081,37,6.166666666666667,52,1,8.432432432432432,0,0.0,0,0,0.0,12,2.0,28,0,14.0,8.333333333333332,13,2.1666666666666665,14,0,6.461538461538462,15.384615384615385,12,2.0,10,1,5.0,8.333333333333332,1,0,1,52,12,2.0,28,0,14.0,13,2.1666666666666665,14,0,6.461538461538462,12,2.0,10,1,5.0,0,0.0,0,0,0.0,0,0.0,0,0,0.0,0,0.0,0,0,0.0
RG Sharma,7,1.1666666666666667,13,0,11.142857142857142,0.0,0,0.0,0,0,0.0,7,1.1666666666666667,13,0,11.142857142857142,0,0.0,0,0,0.0,0.0,6,1.0,9,0,9.0,0.0,1,0.16666666666666666,4,0,24.0,0.0,0,0,0,13,0,0.0,0,0,0.0,0,0.0,0,0,0.0,0,0.0,0,0,0.0,0,0.0,0,0,0.0,6,1.0,9,0,9.0,1,0.16666666666666666,4,0,24.0
JE Root,12,2.0,15,0,7.5,8.333333333333332,12,2.0,15,0,7.5,0,0.0,0,0,0.0,0,0.0,0,0,0.0,0.0,12,2.0,15,0,7.5,8.333333333333332,0,0.0,0,0,0.0,0.0,0,0,0,15,0,0.0,0,0,0.0,12,2.0,15,0,7.5,0,0.0,0,0,0.0,0,0.0,0,0,0.0,0,0.0,0,0,0.0,0,0.0,0,0,0.0
Harbhajan Singh,45,7.5,63,0,8.4,42.22222222222222,39,6.5,55,0,8.461538461538462,6,1.0,8,0,8.0,33,5.5,34,0,6.181818181818182,51.515151515151516,6,1.0,11,0,11.0,16.666666666666664,6,1.0,18,0,18.0,16.666666666666664,0,0,0,25,27,4.5,26,0,5.777777777777778,6,1.0,11,0,11.0,6,1.0,18,0,18.0,6,1.0,8,0,8.0,0,0.0,0,0,0.0,0,0.0,0,0,0.0
Jalaj S Saxena,18,3.0,27,0,9.0,27.77777777777778,0,0.0,0,0,0.0,18,3.0,27,0,9.0,6,1.0,10,0,10.0,33.33333333333333,12,2.0,17,0,8.5,25.0,0,0.0,0,0,0.0,0.0,0,0,0,27,0,0.0,0,0,0.0,0,0.0,0,0,0.0,0,0.0,0,0,0.0,6,1.0,10,0,10.0,12,2.0,17,0,8.5,0,0.0,0,0,0.0
T Shamsi,24,4.0,34,0,8.5,8.333333333333332,24,4.0,34,0,8.5,0,0.0,0,0,0.0,0,0.0,0,0,0.0,0.0,24,4.0,34,0,8.5,8.333333333333332,0,0.0,0,0,0.0,0.0,0,0,0,0,0,0.0,0,0,0.0,24,4.0,34,0,8.5,0,0.0,0,0,0.0,0,0.0,0,0,0.0,0,0.0,0,0,0.0,0,0.0,0,0,0.0
Ishan Kishan,1,0.16666666666666666,4,0,24.0,0.0,0,0.0,0,0,0.0,1,0.16666666666666666,4,0,24.0,0,0.0,0,0,0.0,0.0,0,0.0,0,0,0.0,0.0,1,0.16666666666666666,4,0,24.0,0.0,0,0,0,4,0,0.0,0,0,0.0,0,0.0,0,0,0.0,0,0.0,0,0,0.0,0,0.0,0,0,0.0,0,0.0,0,0,0.0,1,0.16666666666666666,4,0,24.0
J Overton,41,6.833333333333333,84,0,12.292682926829269,21.951219512195124,24,4.0,55,0,13.75,17,2.8333333333333335,29,0,10.235294117647058,29,4.833333333333333,59,0,12.206896551724139,20.689655172413794,12,2.0,25,0,12.5,25.0,0,0.0,0,0,0.0,0.0,0,0,0,84,12,2.0,30,0,15.0,12,2.0,25,0,12.5,0,0.0,0,0,0.0,17,2.8333333333333335,29,0,10.235294117647058,0,0.0,0,0,0.0,0,0.0,0,0,0.0
PWA Mulder,6,1.0,16,0,16.0,16.666666666666664,0,0.0,0,0,0.0,6,1.0,16,0,16.0,0,0.0,0,0,0.0,0.0,0,0.0,0,0,0.0,0.0,6,1.0,16,0,16.0,16.666666666666664,0,0,0,16,0,0.0,0,0,0.0,0,0.0,0,0,0.0,0,0.0,0,0,0.0,0,0.0,0,0,0.0,0,0.0,0,0,0.0,6,1.0,16,0,16.0
Atharva Taide,1,0.16666666666666666,4,0,24.0,0.0,0,0.0,0,0,0.0,1,0.16666666666666666,4,0,24.0,0,0.0,0,0,0.0,0.0,0,0.0,0,0,0.0,0.0,1,0.16666666666666666,4,0,24.0,0.0,0,0,0,4,0,0.0,0,0,0.0,0,0.0,0,0,0.0,0,0.0,0,0,0.0,0,0.0,0,0,0.0,0,0.0,0,0,0.0,1,0.16666666666666666,4,0,24.0
Monu Kumar,16,2.6666666666666665,20,0,7.5,25.0,16,2.6666666666666665,20,0,7.5,0,0.0,0,0,0.0,8,1.3333333333333333,7,0,5.25,50.0,0,0.0,0,0,0.0,0.0,8,1.3333333333333333,13,0,9.75,0.0,0,0,0,20,8,1.3333333333333333,7,0,5.25,0,0.0,0,0,0.0,8,1.3333333333333333,13,0,9.75,0,0.0,0,0,0.0,0,0.0,0,0,0.0,0,0.0,0,0,0.0
KS Williamson,12,2.0,24,0,12.0,0.0,12,2.0,24,0,12.0,0,0.0,0,0,0.0,0,0.0,0,0,0.0,0.0,12,2.0,24,0,12.0,0.0,0,0.0,0,0,0.0,0.0,0,0,0,0,0,0.0,0,0,0.0,12,2.0,24,0,12.0,0,0.0,0,0,0.0,0,0.0,0,0,0.0,0,0.0,0,0,0.0,0,0.0,0,0,0.0
CJ Green,17,2.8333333333333335,24,0,8.470588235294118,35.294117647058826,0,0.0,0,0,0.0,17,2.8333333333333335,24,0,8.470588235294118,12,2.0,16,0,8.0,50.0,0,0.0,0,0,0.0,0.0,5,0.8333333333333334,8,0,9.6,0.0,0,0,0,24,0,0.0,0,0,0.0,0,0.0,0,0,0.0,0,0.0,0,0,0.0,12,2.0,16,0,8.0,0,0.0,0,0,0.0,5,0.8333333333333334,8,0,9.6
DA Warner,2,0.3333333333333333,2,0,6.0,0.0,0,0.0,0,0,0.0,2,0.3333333333333333,2,0,6.0,0,0.0,0,0,0.0,0.0,2,0.3333333333333333,2,0,6.0,0.0,0,0.0,0,0,0.0,0.0,0,0,0,0,0,0.0,0,0,0.0,0,0.0,0,0,0.0,0,0.0,0,0,0.0,0,0.0,0,0,0.0,2,0.3333333333333333,2,0,6.0,0,0.0,0,0,0.0
CH Gayle,5,0.8333333333333334,5,0,6.0,0.0,0,0.0,0,0,0.0,5,0.8333333333333334,5,0,6.0,0,0.0,0,0,0.0,0.0,0,0.0,0,0,0.0,0.0,5,0.8333333333333334,5,0,6.0,0.0,0,0,0,5,0,0.0,0,0,0.0,0,0.0,0,0,0.0,0,0.0,0,0,0.0,0,0.0,0,0,0.0,0,0.0,0,0,0.0,5,0.8333333333333334,5,0,6.0
Karim Janat,6,1.0,30,0,30.0,0.0,0,0.0,0,0,0.0,6,1.0,30,0,30.0,0,0.0,0,0,0.0,0.0,6,1.0,30,0,30.0,0.0,0,0.0,0,0,0.0,0.0,0,0,0,30,0,0.0,0,0,0.0,0,0.0,0,0,0.0,0,0.0,0,0,0.0,0,0.0,0,0,0.0,6,1.0,30,0,30.0,0,0.0,0,0,0.0
Suryansh Shedge,19,3.1666666666666665,40,0,12.631578947368421,5.263157894736842,19,3.1666666666666665,40,0,12.631578947368421,0,0.0,0,0,0.0,0,0.0,0,0,0.0,0.0,12,2.0,14,0,7.0,8.333333333333332,7,1.1666666666666667,26,0,22.285714285714285,0.0,0,0,0,40,0,0.0,0,0,0.0,12,2.0,14,0,7.0,7,1.1666666666666667,26,0,22.285714285714285,0,0.0,0,0,0.0,0,0.0,0,0,0.0,0,0.0,0,0,0.0
M Tiwari,6,1.0,14,0,14.0,0.0,6,1.0,14,0,14.0,0,0.0,0,0,0.0,0,0.0,0,0,0.0,0.0,6,1.0,14,0,14.0,0.0,0,0.0,0,0,0.0,0.0,0,0,0,0,0,0.0,0,0,0.0,6,1.0,14,0,14.0,0,0.0,0,0,0.0,0,0.0,0,0,0.0,0,0.0,0,0,0.0,0,0.0,0,0,0.0
DS Kulkarni,46,7.666666666666667,70,0,9.130434782608695,28.26086956521739,26,4.333333333333333,48,0,11.076923076923078,20,3.3333333333333335,22,0,6.6,25,4.166666666666667,30,0,7.199999999999999,48.0,7,1.1666666666666667,9,0,7.7142857142857135,0.0,14,2.3333333333333335,31,0,13.285714285714285,7.142857142857142,0,0,0,70,12,2.0,17,0,8.5,0,0.0,0,0,0.0,14,2.3333333333333335,31,0,13.285714285714285,13,2.1666666666666665,13,0,6.0,7,1.1666666666666667,9,0,7.7142857142857135,0,0.0,0,0,0.0
TM Head,10,1.6666666666666667,32,0,19.2,20.0,0,0.0,0,0,0.0,10,1.6666666666666667,32,0,19.2,0,0.0,0,0,0.0,0.0,10,1.6666666666666667,32,0,19.2,20.0,0,0.0,0,0,0.0,0.0,0,0,0,32,0,0.0,0,0,0.0,0,0.0,0,0,0.0,0,0.0,0,0,0.0,0,0.0,0,0,0.0,10,1.6666666666666667,32,0,19.2,0,0.0,0,0,0.0
Tilak Varma,23,3.8333333333333335,28,0,7.304347826086956,34.78260869565217,13,2.1666666666666665,14,0,6.461538461538462,10,1.6666666666666667,14,0,8.4,6,1.0,7,0,7.0,33.33333333333333,13,2.1666666666666665,13,0,6.0,46.15384615384615,4,0.6666666666666666,8,0,12.0,0.0,0,0,0,21,6,1.0,7,0,7.0,7,1.1666666666666667,7,0,6.0,0,0.0,0,0,0.0,0,0.0,0,0,0.0,6,1.0,6,0,6.0,4,0.6666666666666666,8,0,12.0
N Wadhera,17,2.8333333333333335,22,0,7.764705882352941,17.647058823529413,12,2.0,13,0,6.5,5,0.8333333333333334,9,0,10.799999999999999,0,0.0,0,0,0.0,0.0,12,2.0,13,0,6.5,16.666666666666664,5,0.8333333333333334,9,0,10.799999999999999,20.0,0,0,0,9,0,0.0,0,0,0.0,12,2.0,13,0,6.5,0,0.0,0,0,0.0,0,0.0,0,0,0.0,0,0.0,0,0,0.0,5,0.8333333333333334,9,0,10.799999999999999
KR Mayers,46,7.666666666666667,59,0,7.695652173913043,30.434782608695656,33,5.5,48,0,8.727272727272727,13,2.1666666666666665,11,0,5.0769230769230775,39,6.5,43,0,6.615384615384615,33.33333333333333,7,1.1666666666666667,16,0,13.714285714285714,14.285714285714285,0,0.0,0,0,0.0,0.0,0,0,0,32,26,4.333333333333333,32,0,7.384615384615385,7,1.1666666666666667,16,0,13.714285714285714,0,0.0,0,0,0.0,13,2.1666666666666665,11,0,5.0769230769230775,0,0.0,0,0,0.0,0,0.0,0,0,0.0
H Sharma,30,5.0,62,0,12.4,6.666666666666667,0,0.0,0,0,0.0,30,5.0,62,0,12.4,0,0.0,0,0,0.0,0.0,30,5.0,62,0,12.4,6.666666666666667,0,0.0,0,0,0.0,0.0,0,0,0,62,0,0.0,0,0,0.0,0,0.0,0,0,0.0,0,0.0,0,0,0.0,0,0.0,0,0,0.0,30,5.0,62,0,12.4,0,0.0,0,0,0.0
Sumit Kumar,22,3.6666666666666665,38,0,10.363636363636363,18.181818181818183,12,2.0,19,0,9.5,10,1.6666666666666667,19,0,11.4,0,0.0,0,0,0.0,0.0,18,3.0,30,0,10.0,16.666666666666664,4,0.6666666666666666,8,0,12.0,25.0,0,0,0,19,0,0.0,0,0,0.0,12,2.0,19,0,9.5,0,0.0,0,0,0.0,0,0.0,0,0,0.0,6,1.0,11,0,11.0,4,0.6666666666666666,8,0,12.0
R Goyal,24,4.0,34,0,8.5,25.0,0,0.0,0,0,0.0,24,4.0,34,0,8.5,0,0.0,0,0,0.0,0.0,24,4.0,34,0,8.5,25.0,0,0.0,0,0,0.0,0.0,0,0,0,34,0,0.0,0,0,0.0,0,0.0,0,0,0.0,0,0.0,0,0,0.0,0,0.0,0,0,0.0,24,4.0,34,0,8.5,0,0.0,0,0,0.0
Gurnoor Brar,21,3.5,42,0,12.0,33.33333333333333,21,3.5,42,0,12.0,0,0.0,0,0,0.0,13,2.1666666666666665,18,0,8.307692307692308,46.15384615384615,8,1.3333333333333333,24,0,18.0,12.5,0,0.0,0,0,0.0,0.0,0,0,0,0,13,2.1666666666666665,18,0,8.307692307692308,8,1.3333333333333333,24,0,18.0,0,0.0,0,0,0.0,0,0.0,0,0,0.0,0,0.0,0,0,0.0,0,0.0,0,0,0.0
SZ Mulani,33,5.5,57,0,10.363636363636363,21.21212121212121,33,5.5,57,0,10.363636363636363,0,0.0,0,0,0.0,6,1.0,12,0,12.0,33.33333333333333,19,3.1666666666666665,24,0,7.578947368421053,21.052631578947366,8,1.3333333333333333,21,0,15.75,12.5,0,0,0,24,6,1.0,12,0,12.0,19,3.1666666666666665,24,0,7.578947368421053,8,1.3333333333333333,21,0,15.75,0,0.0,0,0,0.0,0,0.0,0,0,0.0,0,0.0,0,0,0.0
D Wiese,18,3.0,38,0,12.666666666666666,16.666666666666664,18,3.0,38,0,12.666666666666666,0,0.0,0,0,0.0,12,2.0,23,0,11.5,25.0,6,1.0,15,0,15.0,0.0,0,0.0,0,0,0.0,0.0,0,0,0,0,12,2.0,23,0,11.5,6,1.0,15,0,15.0,0,0.0,0,0,0.0,0,0.0,0,0,0.0,0,0.0,0,0,0.0,0,0.0,0,0,0.0
MW Short,25,4.166666666666667,25,0,6.0,44.0,12,2.0,10,0,5.0,13,2.1666666666666665,15,0,6.923076923076923,13,2.1666666666666665,14,0,6.461538461538462,53.84615384615385,12,2.0,11,0,5.5,33.33333333333333,0,0.0,0,0,0.0,0.0,0,0,0,25,6,1.0,7,0,7.0,6,1.0,3,0,3.0,0,0.0,0,0,0.0,7,1.1666666666666667,7,0,6.0,6,1.0,8,0,8.0,0,0.0,0,0,0.0
Mohit Rathee,12,2.0,29,0,14.5,25.0,0,0.0,0,0,0.0,12,2.0,29,0,14.5,0,0.0,0,0,0.0,0.0,12,2.0,29,0,14.5,25.0,0,0.0,0,0,0.0,0.0,0,0,0,29,0,0.0,0,0,0.0,0,0.0,0,0,0.0,0,0.0,0,0,0.0,0,0.0,0,0,0.0,12,2.0,29,0,14.5,0,0.0,0,0,0.0
R Sanjay Yadav,14,2.3333333333333335,23,0,9.857142857142856,42.857142857142854,14,2.3333333333333335,23,0,9.857142857142856,0,0.0,0,0,0.0,6,1.0,8,0,8.0,66.66666666666666,8,1.3333333333333333,15,0,11.25,25.0,0,0.0,0,0,0.0,0.0,0,0,0,23,6,1.0,8,0,8.0,8,1.3333333333333333,15,0,11.25,0,0.0,0,0,0.0,0,0.0,0,0,0.0,0,0.0,0,0,0.0,0,0.0,0,0,0.0
Gulbadin Naib,6,1.0,12,0,12.0,16.666666666666664,0,0.0,0,0,0.0,6,1.0,12,0,12.0,0,0.0,0,0,0.0,0.0,6,1.0,12,0,12.0,16.666666666666664,0,0.0,0,0,0.0,0.0,0,0,0,0,0,0.0,0,0,0.0,0,0.0,0,0,0.0,0,0.0,0,0,0.0,0,0.0,0,0,0.0,6,1.0,12,0,12.0,0,0.0,0,0,0.0
R Ravindra,12,2.0,7,0,3.5,41.66666666666667,6,1.0,4,0,4.0,6,1.0,3,0,3.0,0,0.0,0,0,0.0,0.0,12,2.0,7,0,3.5,41.66666666666667,0,0.0,0,0,0.0,0.0,0,0,0,7,0,0.0,0,0,0.0,6,1.0,4,0,4.0,0,0.0,0,0,0.0,0,0.0,0,0,0.0,6,1.0,3,0,3.0,0,0.0,0,0,0.0
SS Iyer,6,1.0,7,0,7.0,66.66666666666666,0,0.0,0,0,0.0,6,1.0,7,0,7.0,0,0.0,0,0,0.0,0.0,0,0.0,0,0,0.0,0.0,6,1.0,7,0,7.0,66.66666666666666,0,0,0,7,0,0.0,0,0,0.0,0,0.0,0,0,0.0,0,0.0,0,0,0.0,0,0.0,0,0,0.0,0,0.0,0,0,0.0,6,1.0,7,0,7.0
S Joseph,30,5.0,51,0,10.2,30.0,0,0.0,0,0,0.0,30,5.0,51,0,10.2,16,2.6666666666666665,27,0,10.125,31.25,14,2.3333333333333335,24,0,10.285714285714285,28.57142857142857,0,0.0,0,0,0.0,0.0,0,0,0,51,0,0.0,0,0,0.0,0,0.0,0,0,0.0,0,0.0,0,0,0.0,16,2.6666666666666665,27,0,10.125,14,2.3333333333333335,24,0,10.285714285714285,0,0.0,0,0,0.0
Arshad Khan (2),13,2.1666666666666665,25,0,11.53846153846154,30.76923076923077,0,0.0,0,0,0.0,13,2.1666666666666665,25,0,11.53846153846154,0,0.0,0,0,0.0,0.0,13,2.1666666666666665,25,0,11.53846153846154,30.76923076923077,0,0.0,0,0,0.0,0.0,0,0,0,25,0,0.0,0,0,0.0,0,0.0,0,0,0.0,0,0.0,0,0,0.0,0,0.0,0,0,0.0,13,2.1666666666666665,25,0,11.53846153846154,0,0.0,0,0,0.0
Aman Hakim Khan,6,1.0,13,0,13.0,16.666666666666664,0,0.0,0,0,0.0,6,1.0,13,0,13.0,0,0.0,0,0,0.0,0.0,6,1.0,13,0,13.0,16.666666666666664,0,0.0,0,0,0.0,0.0,0,0,0,13,0,0.0,0,0,0.0,0,0.0,0,0,0.0,0,0.0,0,0,0.0,0,0.0,0,0,0.0,6,1.0,13,0,13.0,0,0.0,0,0,0.0
MJ Suthar,12,2.0,26,0,13.0,33.33333333333333,0,0.0,0,0,0.0,12,2.0,26,0,13.0,12,2.0,26,0,13.0,33.33333333333333,0,0.0,0,0,0.0,0.0,0,0.0,0,0,0.0,0.0,0,0,0,26,0,0.0,0,0,0.0,0,0.0,0,0,0.0,0,0.0,0,0,0.0,12,2.0,26,0,13.0,0,0.0,0,0,0.0,0,0.0,0,0,0.0
Vivrant Sharma,21,3.5,37,0,10.571428571428571,23.809523809523807,13,2.1666666666666665,18,0,8.307692307692308,8,1.3333333333333333,19,0,14.25,0,0.0,0,0,0.0,0.0,21,3.5,37,0,10.571428571428571,23.809523809523807,0,0.0,0,0,0.0,0.0,0,0,0,37,0,0.0,0,0,0.0,13,2.1666666666666665,18,0,8.307692307692308,0,0.0,0,0,0.0,0,0.0,0,0,0.0,8,1.3333333333333333,19,0,14.25,0,0.0,0,0,0.0
YBK Jaiswal,1,0.16666666666666666,6,0,36.0,0.0,0,0.0,0,0,0.0,1,0.16666666666666666,6,0,36.0,0,0.0,0,0,0.0,0.0,0,0.0,0,0,0.0,0.0,1,0.16666666666666666,6,0,36.0,0.0,0,0,0,6,0,0.0,0,0,0.0,0,0.0,0,0,0.0,0,0.0,0,0,0.0,0,0.0,0,0,0.0,0,0.0,0,0,0.0,1,0.16666666666666666,6,0,36.0
RV Patel,20,3.3333333333333335,22,0,6.6,25.0,0,0.0,0,0,0.0,20,3.3333333333333335,22,0,6.6,0,0.0,0,0,0.0,0.0,13,2.1666666666666665,11,0,5.0769230769230775,38.46153846153847,7,1.1666666666666667,11,0,9.428571428571429,0.0,0,0,0,22,0,0.0,0,0,0.0,0,0.0,0,0,0.0,0,0.0,0,0,0.0,0,0.0,0,0,0.0,13,2.1666666666666665,11,0,5.0769230769230775,7,1.1666666666666667,11,0,9.428571428571429
